ISO-10303-21;
HEADER;
FILE_DESCRIPTION((''),'1');
FILE_NAME('022035045','2003-11-17T',('gagurunandan'),(''),
'PRO/ENGINEER BY PARAMETRIC TECHNOLOGY CORPORATION, 9902',
'PRO/ENGINEER BY PARAMETRIC TECHNOLOGY CORPORATION, 9902','');
FILE_SCHEMA(('CONFIG_CONTROL_DESIGN'));
ENDSEC;
DATA;
#1=DIRECTION('',(1.E0,0.E0,0.E0));
#2=VECTOR('',#1,1.175E1);
#3=CARTESIAN_POINT('',(-5.55E0,-2.95E0,-1.58E0));
#4=LINE('',#3,#2);
#5=DIRECTION('',(0.E0,0.E0,-1.E0));
#6=VECTOR('',#5,8.5E-1);
#7=CARTESIAN_POINT('',(6.2E0,-2.95E0,-1.58E0));
#8=LINE('',#7,#6);
#9=DIRECTION('',(-1.E0,0.E0,0.E0));
#10=VECTOR('',#9,1.09E1);
#11=CARTESIAN_POINT('',(6.2E0,-2.95E0,-2.43E0));
#12=LINE('',#11,#10);
#13=DIRECTION('',(-7.071067811865E-1,0.E0,7.071067811865E-1));
#14=VECTOR('',#13,1.202081528017E0);
#15=CARTESIAN_POINT('',(-4.7E0,-2.95E0,-2.43E0));
#16=LINE('',#15,#14);
#17=DIRECTION('',(1.E0,0.E0,0.E0));
#18=VECTOR('',#17,1.1E1);
#19=CARTESIAN_POINT('',(-5.5E0,-2.95E0,6.2E-1));
#20=LINE('',#19,#18);
#21=DIRECTION('',(0.E0,0.E0,-1.E0));
#22=VECTOR('',#21,8.5E-1);
#23=CARTESIAN_POINT('',(-5.5E0,-2.95E0,1.47E0));
#24=LINE('',#23,#22);
#25=DIRECTION('',(1.E0,0.E0,0.E0));
#26=VECTOR('',#25,1.1E1);
#27=CARTESIAN_POINT('',(-5.5E0,-2.95E0,1.47E0));
#28=LINE('',#27,#26);
#29=DIRECTION('',(0.E0,0.E0,-1.E0));
#30=VECTOR('',#29,8.5E-1);
#31=CARTESIAN_POINT('',(5.5E0,-2.95E0,1.47E0));
#32=LINE('',#31,#30);
#33=DIRECTION('',(-1.776356839400E-14,1.E0,0.E0));
#34=VECTOR('',#33,1.E-1);
#35=CARTESIAN_POINT('',(-5.55E0,-2.95E0,-1.58E0));
#36=LINE('',#35,#34);
#37=DIRECTION('',(0.E0,1.E0,0.E0));
#38=VECTOR('',#37,5.9E0);
#39=CARTESIAN_POINT('',(-4.7E0,-2.95E0,-2.43E0));
#40=LINE('',#39,#38);
#41=DIRECTION('',(7.071067811865E-1,0.E0,-7.071067811865E-1));
#42=VECTOR('',#41,9.192388155425E-1);
#43=CARTESIAN_POINT('',(-6.2E0,-2.85E0,-9.3E-1));
#44=LINE('',#43,#42);
#45=DIRECTION('',(0.E0,1.E0,0.E0));
#46=VECTOR('',#45,5.9E0);
#47=CARTESIAN_POINT('',(6.2E0,-2.95E0,-2.43E0));
#48=LINE('',#47,#46);
#49=DIRECTION('',(0.E0,-6.481199010631E-1,-7.615383075367E-1));
#50=VECTOR('',#49,6.171697541518E-1);
#51=CARTESIAN_POINT('',(6.2E0,2.95E0,1.749998410040E0));
#52=LINE('',#51,#50);
#53=DIRECTION('',(0.E0,-1.E0,0.E0));
#54=VECTOR('',#53,4.5E0);
#55=CARTESIAN_POINT('',(6.2E0,2.55E0,1.28E0));
#56=LINE('',#55,#54);
#57=DIRECTION('',(0.E0,0.E0,-1.E0));
#58=VECTOR('',#57,1.19E0);
#59=CARTESIAN_POINT('',(6.2E0,-1.95E0,2.47E0));
#60=LINE('',#59,#58);
#61=DIRECTION('',(0.E0,1.E0,0.E0));
#62=VECTOR('',#61,4.9E0);
#63=CARTESIAN_POINT('',(6.2E0,-1.95E0,2.47E0));
#64=LINE('',#63,#62);
#65=DIRECTION('',(0.E0,1.E0,0.E0));
#66=VECTOR('',#65,1.E-1);
#67=CARTESIAN_POINT('',(6.2E0,-2.95E0,-1.58E0));
#68=LINE('',#67,#66);
#69=DIRECTION('',(0.E0,0.E0,1.E0));
#70=VECTOR('',#69,1.76E0);
#71=CARTESIAN_POINT('',(6.2E0,-2.85E0,-1.58E0));
#72=LINE('',#71,#70);
#73=DIRECTION('',(0.E0,1.E0,0.E0));
#74=VECTOR('',#73,4.9E0);
#75=CARTESIAN_POINT('',(6.2E0,-2.85E0,1.8E-1));
#76=LINE('',#75,#74);
#77=DIRECTION('',(0.E0,0.E0,1.E0));
#78=VECTOR('',#77,4.E-1);
#79=CARTESIAN_POINT('',(6.2E0,2.05E0,1.8E-1));
#80=LINE('',#79,#78);
#81=DIRECTION('',(0.E0,1.E0,0.E0));
#82=VECTOR('',#81,5.E-1);
#83=CARTESIAN_POINT('',(6.2E0,2.05E0,5.8E-1));
#84=LINE('',#83,#82);
#85=DIRECTION('',(0.E0,6.427876096865E-1,-7.660444431190E-1));
#86=VECTOR('',#85,6.222895307442E-1);
#87=CARTESIAN_POINT('',(6.2E0,2.55E0,5.8E-1));
#88=LINE('',#87,#86);
#89=DIRECTION('',(1.E0,0.E0,0.E0));
#90=VECTOR('',#89,7.E-1);
#91=CARTESIAN_POINT('',(-6.2E0,2.95E0,1.749998410040E0));
#92=LINE('',#91,#90);
#93=DIRECTION('',(0.E0,0.E0,1.E0));
#94=VECTOR('',#93,2.700015899604E-1);
#95=CARTESIAN_POINT('',(-5.5E0,2.95E0,1.749998410040E0));
#96=LINE('',#95,#94);
#97=DIRECTION('',(0.E0,0.E0,-1.E0));
#98=VECTOR('',#97,2.700015899604E-1);
#99=CARTESIAN_POINT('',(5.5E0,2.95E0,2.02E0));
#100=LINE('',#99,#98);
#101=DIRECTION('',(-1.E0,0.E0,0.E0));
#102=VECTOR('',#101,7.E-1);
#103=CARTESIAN_POINT('',(6.2E0,2.95E0,1.749998410040E0));
#104=LINE('',#103,#102);
#105=DIRECTION('',(0.E0,0.E0,-1.E0));
#106=VECTOR('',#105,7.200015899604E-1);
#107=CARTESIAN_POINT('',(6.2E0,2.95E0,2.47E0));
#108=LINE('',#107,#106);
#109=DIRECTION('',(1.E0,0.E0,0.E0));
#110=VECTOR('',#109,1.24E1);
#111=CARTESIAN_POINT('',(-6.2E0,2.95E0,2.47E0));
#112=LINE('',#111,#110);
#113=DIRECTION('',(0.E0,0.E0,1.E0));
#114=VECTOR('',#113,7.200015899604E-1);
#115=CARTESIAN_POINT('',(-6.2E0,2.95E0,1.749998410040E0));
#116=LINE('',#115,#114);
#117=DIRECTION('',(0.E0,0.E0,1.E0));
#118=VECTOR('',#117,2.499494936612E-1);
#119=CARTESIAN_POINT('',(4.41E0,2.95E0,-1.98E0));
#120=LINE('',#119,#118);
#121=DIRECTION('',(1.E0,0.E0,0.E0));
#122=VECTOR('',#121,8.82E0);
#123=CARTESIAN_POINT('',(-4.41E0,2.95E0,-1.98E0));
#124=LINE('',#123,#122);
#125=DIRECTION('',(0.E0,0.E0,-1.E0));
#126=VECTOR('',#125,2.499494936612E-1);
#127=CARTESIAN_POINT('',(-4.41E0,2.95E0,-1.730050506339E0));
#128=LINE('',#127,#126);
#129=DIRECTION('',(-7.071067811865E-1,0.E0,7.071067811865E-1));
#130=VECTOR('',#129,1.541492782987E0);
#131=CARTESIAN_POINT('',(-4.41E0,2.95E0,-1.730050506339E0));
#132=LINE('',#131,#130);
#133=DIRECTION('',(0.E0,0.E0,1.E0));
#134=VECTOR('',#133,7.433490693012E-1);
#135=CARTESIAN_POINT('',(-5.5E0,2.95E0,-6.400505063388E-1));
#136=LINE('',#135,#134);
#137=DIRECTION('',(1.E0,0.E0,0.E0));
#138=VECTOR('',#137,7.E-1);
#139=CARTESIAN_POINT('',(-6.2E0,2.95E0,1.032985629623E-1));
#140=LINE('',#139,#138);
#141=DIRECTION('',(0.E0,0.E0,1.E0));
#142=VECTOR('',#141,1.033298562962E0);
#143=CARTESIAN_POINT('',(-6.2E0,2.95E0,-9.3E-1));
#144=LINE('',#143,#142);
#145=DIRECTION('',(-7.071067811865E-1,0.E0,7.071067811865E-1));
#146=VECTOR('',#145,2.121320343560E0);
#147=CARTESIAN_POINT('',(-4.7E0,2.95E0,-2.43E0));
#148=LINE('',#147,#146);
#149=DIRECTION('',(-1.E0,0.E0,0.E0));
#150=VECTOR('',#149,1.09E1);
#151=CARTESIAN_POINT('',(6.2E0,2.95E0,-2.43E0));
#152=LINE('',#151,#150);
#153=DIRECTION('',(0.E0,0.E0,-1.E0));
#154=VECTOR('',#153,2.533298562962E0);
#155=CARTESIAN_POINT('',(6.2E0,2.95E0,1.032985629623E-1));
#156=LINE('',#155,#154);
#157=DIRECTION('',(-1.E0,0.E0,0.E0));
#158=VECTOR('',#157,7.E-1);
#159=CARTESIAN_POINT('',(6.2E0,2.95E0,1.032985629623E-1));
#160=LINE('',#159,#158);
#161=DIRECTION('',(0.E0,0.E0,-1.E0));
#162=VECTOR('',#161,7.433490693011E-1);
#163=CARTESIAN_POINT('',(5.5E0,2.95E0,1.032985629623E-1));
#164=LINE('',#163,#162);
#165=DIRECTION('',(-7.071067811865E-1,0.E0,-7.071067811865E-1));
#166=VECTOR('',#165,1.541492782987E0);
#167=CARTESIAN_POINT('',(5.5E0,2.95E0,-6.400505063388E-1));
#168=LINE('',#167,#166);
#169=DIRECTION('',(0.E0,-6.481199010631E-1,-7.615383075367E-1));
#170=VECTOR('',#169,6.171697541518E-1);
#171=CARTESIAN_POINT('',(-6.2E0,2.95E0,1.749998410040E0));
#172=LINE('',#171,#170);
#173=DIRECTION('',(0.E0,0.E0,-1.E0));
#174=VECTOR('',#173,1.19E0);
#175=CARTESIAN_POINT('',(-6.2E0,-1.95E0,2.47E0));
#176=LINE('',#175,#174);
#177=DIRECTION('',(0.E0,-1.E0,0.E0));
#178=VECTOR('',#177,4.5E0);
#179=CARTESIAN_POINT('',(-6.2E0,2.55E0,1.28E0));
#180=LINE('',#179,#178);
#181=DIRECTION('',(0.E0,0.E0,1.E0));
#182=VECTOR('',#181,1.11E0);
#183=CARTESIAN_POINT('',(-6.2E0,-2.85E0,-9.3E-1));
#184=LINE('',#183,#182);
#185=DIRECTION('',(0.E0,1.E0,0.E0));
#186=VECTOR('',#185,5.8E0);
#187=CARTESIAN_POINT('',(-6.2E0,-2.85E0,-9.3E-1));
#188=LINE('',#187,#186);
#189=DIRECTION('',(0.E0,6.427876096865E-1,-7.660444431190E-1));
#190=VECTOR('',#189,6.222895307442E-1);
#191=CARTESIAN_POINT('',(-6.2E0,2.55E0,5.8E-1));
#192=LINE('',#191,#190);
#193=DIRECTION('',(0.E0,1.E0,0.E0));
#194=VECTOR('',#193,5.E-1);
#195=CARTESIAN_POINT('',(-6.2E0,2.05E0,5.8E-1));
#196=LINE('',#195,#194);
#197=DIRECTION('',(0.E0,0.E0,1.E0));
#198=VECTOR('',#197,4.E-1);
#199=CARTESIAN_POINT('',(-6.2E0,2.05E0,1.8E-1));
#200=LINE('',#199,#198);
#201=DIRECTION('',(0.E0,1.E0,0.E0));
#202=VECTOR('',#201,4.9E0);
#203=CARTESIAN_POINT('',(-6.2E0,-2.85E0,1.8E-1));
#204=LINE('',#203,#202);
#205=DIRECTION('',(0.E0,1.E0,0.E0));
#206=VECTOR('',#205,4.9E0);
#207=CARTESIAN_POINT('',(-6.2E0,-1.95E0,2.47E0));
#208=LINE('',#207,#206);
#209=DIRECTION('',(1.E0,0.E0,0.E0));
#210=VECTOR('',#209,7.E-1);
#211=CARTESIAN_POINT('',(-6.2E0,-1.95E0,1.28E0));
#212=LINE('',#211,#210);
#213=DIRECTION('',(1.E0,0.E0,0.E0));
#214=VECTOR('',#213,1.24E1);
#215=CARTESIAN_POINT('',(-6.2E0,-1.95E0,2.47E0));
#216=LINE('',#215,#214);
#217=DIRECTION('',(-1.E0,0.E0,0.E0));
#218=VECTOR('',#217,7.E-1);
#219=CARTESIAN_POINT('',(6.2E0,-1.95E0,1.28E0));
#220=LINE('',#219,#218);
#221=DIRECTION('',(-1.E0,0.E0,0.E0));
#222=VECTOR('',#221,1.1E1);
#223=CARTESIAN_POINT('',(5.5E0,-1.95E0,1.47E0));
#224=LINE('',#223,#222);
#225=DIRECTION('',(0.E0,0.E0,1.E0));
#226=VECTOR('',#225,4.4E-1);
#227=CARTESIAN_POINT('',(-5.5E0,-2.85E0,1.8E-1));
#228=LINE('',#227,#226);
#229=DIRECTION('',(0.E0,1.E0,0.E0));
#230=VECTOR('',#229,1.8E0);
#231=CARTESIAN_POINT('',(-5.5E0,-2.85E0,1.8E-1));
#232=LINE('',#231,#230);
#233=DIRECTION('',(0.E0,-1.E0,0.E0));
#234=VECTOR('',#233,9.E-1);
#235=CARTESIAN_POINT('',(-5.5E0,-1.05E0,1.28E0));
#236=LINE('',#235,#234);
#237=DIRECTION('',(0.E0,0.E0,1.E0));
#238=VECTOR('',#237,1.9E-1);
#239=CARTESIAN_POINT('',(-5.5E0,-1.95E0,1.28E0));
#240=LINE('',#239,#238);
#241=DIRECTION('',(0.E0,1.E0,0.E0));
#242=VECTOR('',#241,1.E0);
#243=CARTESIAN_POINT('',(-5.5E0,-2.95E0,1.47E0));
#244=LINE('',#243,#242);
#245=DIRECTION('',(-1.776356839400E-14,1.E0,0.E0));
#246=VECTOR('',#245,1.E-1);
#247=CARTESIAN_POINT('',(-5.5E0,-2.95E0,6.2E-1));
#248=LINE('',#247,#246);
#249=DIRECTION('',(-1.E0,0.E0,0.E0));
#250=VECTOR('',#249,1.175E1);
#251=CARTESIAN_POINT('',(6.2E0,-2.85E0,-1.58E0));
#252=LINE('',#251,#250);
#253=CARTESIAN_POINT('',(3.75E0,-2.85E0,-6.1E-1));
#254=DIRECTION('',(0.E0,-1.E0,0.E0));
#255=DIRECTION('',(0.E0,0.E0,-1.E0));
#256=AXIS2_PLACEMENT_3D('',#253,#254,#255);
#258=CARTESIAN_POINT('',(3.75E0,-2.85E0,-6.1E-1));
#259=DIRECTION('',(0.E0,-1.E0,0.E0));
#260=DIRECTION('',(0.E0,0.E0,1.E0));
#261=AXIS2_PLACEMENT_3D('',#258,#259,#260);
#263=CARTESIAN_POINT('',(1.25E0,-2.85E0,-6.1E-1));
#264=DIRECTION('',(0.E0,-1.E0,0.E0));
#265=DIRECTION('',(0.E0,0.E0,-1.E0));
#266=AXIS2_PLACEMENT_3D('',#263,#264,#265);
#268=CARTESIAN_POINT('',(1.25E0,-2.85E0,-6.1E-1));
#269=DIRECTION('',(0.E0,-1.E0,0.E0));
#270=DIRECTION('',(0.E0,0.E0,1.E0));
#271=AXIS2_PLACEMENT_3D('',#268,#269,#270);
#273=CARTESIAN_POINT('',(-1.25E0,-2.85E0,-6.1E-1));
#274=DIRECTION('',(0.E0,-1.E0,0.E0));
#275=DIRECTION('',(0.E0,0.E0,-1.E0));
#276=AXIS2_PLACEMENT_3D('',#273,#274,#275);
#278=CARTESIAN_POINT('',(-1.25E0,-2.85E0,-6.1E-1));
#279=DIRECTION('',(0.E0,-1.E0,0.E0));
#280=DIRECTION('',(0.E0,0.E0,1.E0));
#281=AXIS2_PLACEMENT_3D('',#278,#279,#280);
#283=CARTESIAN_POINT('',(-3.75E0,-2.85E0,-6.1E-1));
#284=DIRECTION('',(0.E0,-1.E0,0.E0));
#285=DIRECTION('',(0.E0,0.E0,-1.E0));
#286=AXIS2_PLACEMENT_3D('',#283,#284,#285);
#288=CARTESIAN_POINT('',(-3.75E0,-2.85E0,-6.1E-1));
#289=DIRECTION('',(0.E0,-1.E0,0.E0));
#290=DIRECTION('',(0.E0,0.E0,1.E0));
#291=AXIS2_PLACEMENT_3D('',#288,#289,#290);
#293=DIRECTION('',(-1.E0,0.E0,0.E0));
#294=VECTOR('',#293,7.E-1);
#295=CARTESIAN_POINT('',(-5.5E0,-2.85E0,1.8E-1));
#296=LINE('',#295,#294);
#297=DIRECTION('',(1.E0,0.E0,0.E0));
#298=VECTOR('',#297,7.E-1);
#299=CARTESIAN_POINT('',(-6.2E0,2.05E0,1.8E-1));
#300=LINE('',#299,#298);
#301=DIRECTION('',(1.E0,0.E0,0.E0));
#302=VECTOR('',#301,7.E-1);
#303=CARTESIAN_POINT('',(-6.2E0,2.05E0,5.8E-1));
#304=LINE('',#303,#302);
#305=DIRECTION('',(1.E0,0.E0,0.E0));
#306=VECTOR('',#305,7.E-1);
#307=CARTESIAN_POINT('',(-6.2E0,2.55E0,5.8E-1));
#308=LINE('',#307,#306);
#309=DIRECTION('',(0.E0,-6.481199010631E-1,-7.615383075367E-1));
#310=VECTOR('',#309,6.171697541518E-1);
#311=CARTESIAN_POINT('',(-5.5E0,2.95E0,1.749998410040E0));
#312=LINE('',#311,#310);
#313=DIRECTION('',(0.E0,1.E0,0.E0));
#314=VECTOR('',#313,3.6E0);
#315=CARTESIAN_POINT('',(-5.5E0,-1.05E0,1.28E0));
#316=LINE('',#315,#314);
#317=DIRECTION('',(0.E0,1.E0,0.E0));
#318=VECTOR('',#317,3.1E0);
#319=CARTESIAN_POINT('',(-5.5E0,-1.05E0,1.8E-1));
#320=LINE('',#319,#318);
#321=DIRECTION('',(0.E0,0.E0,1.E0));
#322=VECTOR('',#321,4.E-1);
#323=CARTESIAN_POINT('',(-5.5E0,2.05E0,1.8E-1));
#324=LINE('',#323,#322);
#325=DIRECTION('',(0.E0,1.E0,0.E0));
#326=VECTOR('',#325,5.E-1);
#327=CARTESIAN_POINT('',(-5.5E0,2.05E0,5.8E-1));
#328=LINE('',#327,#326);
#329=DIRECTION('',(0.E0,6.427876096865E-1,-7.660444431190E-1));
#330=VECTOR('',#329,6.222895307442E-1);
#331=CARTESIAN_POINT('',(-5.5E0,2.55E0,5.8E-1));
#332=LINE('',#331,#330);
#333=DIRECTION('',(0.E0,-1.E0,0.E0));
#334=VECTOR('',#333,4.E0);
#335=CARTESIAN_POINT('',(-5.5E0,2.95E0,-6.400505063388E-1));
#336=LINE('',#335,#334);
#337=DIRECTION('',(1.E0,0.E0,0.E0));
#338=VECTOR('',#337,7.E-1);
#339=CARTESIAN_POINT('',(-6.2E0,2.55E0,1.28E0));
#340=LINE('',#339,#338);
#341=CARTESIAN_POINT('',(3.75E0,-1.05E0,-6.1E-1));
#342=DIRECTION('',(0.E0,-1.E0,0.E0));
#343=DIRECTION('',(0.E0,0.E0,-1.E0));
#344=AXIS2_PLACEMENT_3D('',#341,#342,#343);
#346=CARTESIAN_POINT('',(3.75E0,-1.05E0,-6.1E-1));
#347=DIRECTION('',(0.E0,-1.E0,0.E0));
#348=DIRECTION('',(0.E0,0.E0,1.E0));
#349=AXIS2_PLACEMENT_3D('',#346,#347,#348);
#351=CARTESIAN_POINT('',(1.25E0,-1.05E0,-6.1E-1));
#352=DIRECTION('',(0.E0,-1.E0,0.E0));
#353=DIRECTION('',(0.E0,0.E0,-1.E0));
#354=AXIS2_PLACEMENT_3D('',#351,#352,#353);
#356=CARTESIAN_POINT('',(1.25E0,-1.05E0,-6.1E-1));
#357=DIRECTION('',(0.E0,-1.E0,0.E0));
#358=DIRECTION('',(0.E0,0.E0,1.E0));
#359=AXIS2_PLACEMENT_3D('',#356,#357,#358);
#361=CARTESIAN_POINT('',(-1.25E0,-1.05E0,-6.1E-1));
#362=DIRECTION('',(0.E0,-1.E0,0.E0));
#363=DIRECTION('',(0.E0,0.E0,-1.E0));
#364=AXIS2_PLACEMENT_3D('',#361,#362,#363);
#366=CARTESIAN_POINT('',(-1.25E0,-1.05E0,-6.1E-1));
#367=DIRECTION('',(0.E0,-1.E0,0.E0));
#368=DIRECTION('',(0.E0,0.E0,1.E0));
#369=AXIS2_PLACEMENT_3D('',#366,#367,#368);
#371=CARTESIAN_POINT('',(-3.75E0,-1.05E0,-6.1E-1));
#372=DIRECTION('',(0.E0,-1.E0,0.E0));
#373=DIRECTION('',(0.E0,0.E0,-1.E0));
#374=AXIS2_PLACEMENT_3D('',#371,#372,#373);
#376=CARTESIAN_POINT('',(-3.75E0,-1.05E0,-6.1E-1));
#377=DIRECTION('',(0.E0,-1.E0,0.E0));
#378=DIRECTION('',(0.E0,0.E0,1.E0));
#379=AXIS2_PLACEMENT_3D('',#376,#377,#378);
#381=DIRECTION('',(5.812381937191E-1,0.E0,8.137334712067E-1));
#382=VECTOR('',#381,8.602325267043E-1);
#383=CARTESIAN_POINT('',(-3.E0,-1.05E0,-1.73E0));
#384=LINE('',#383,#382);
#385=DIRECTION('',(5.812381937191E-1,0.E0,-8.137334712067E-1));
#386=VECTOR('',#385,8.602325267043E-1);
#387=CARTESIAN_POINT('',(-2.5E0,-1.05E0,-1.03E0));
#388=LINE('',#387,#386);
#389=DIRECTION('',(-1.E0,0.E0,0.E0));
#390=VECTOR('',#389,1.5E0);
#391=CARTESIAN_POINT('',(-5.E-1,-1.05E0,-1.73E0));
#392=LINE('',#391,#390);
#393=DIRECTION('',(5.812381937191E-1,0.E0,8.137334712067E-1));
#394=VECTOR('',#393,8.602325267043E-1);
#395=CARTESIAN_POINT('',(-5.E-1,-1.05E0,-1.73E0));
#396=LINE('',#395,#394);
#397=DIRECTION('',(5.812381937191E-1,0.E0,-8.137334712067E-1));
#398=VECTOR('',#397,8.602325267043E-1);
#399=CARTESIAN_POINT('',(0.E0,-1.05E0,-1.03E0));
#400=LINE('',#399,#398);
#401=DIRECTION('',(-1.E0,0.E0,0.E0));
#402=VECTOR('',#401,1.5E0);
#403=CARTESIAN_POINT('',(2.E0,-1.05E0,-1.73E0));
#404=LINE('',#403,#402);
#405=DIRECTION('',(5.812381937191E-1,0.E0,8.137334712067E-1));
#406=VECTOR('',#405,8.602325267043E-1);
#407=CARTESIAN_POINT('',(2.E0,-1.05E0,-1.73E0));
#408=LINE('',#407,#406);
#409=DIRECTION('',(5.812381937191E-1,0.E0,-8.137334712067E-1));
#410=VECTOR('',#409,8.602325267043E-1);
#411=CARTESIAN_POINT('',(2.5E0,-1.05E0,-1.03E0));
#412=LINE('',#411,#410);
#413=DIRECTION('',(-1.E0,0.E0,0.E0));
#414=VECTOR('',#413,1.410050506339E0);
#415=CARTESIAN_POINT('',(4.410050506339E0,-1.05E0,-1.73E0));
#416=LINE('',#415,#414);
#417=DIRECTION('',(-7.071067811865E-1,0.E0,-7.071067811865E-1));
#418=VECTOR('',#417,1.541421356237E0);
#419=CARTESIAN_POINT('',(5.5E0,-1.05E0,-6.400505063388E-1));
#420=LINE('',#419,#418);
#421=DIRECTION('',(0.E0,0.E0,-1.E0));
#422=VECTOR('',#421,8.200505063388E-1);
#423=CARTESIAN_POINT('',(5.5E0,-1.05E0,1.8E-1));
#424=LINE('',#423,#422);
#425=DIRECTION('',(0.E0,0.E0,-1.E0));
#426=VECTOR('',#425,1.1E0);
#427=CARTESIAN_POINT('',(5.5E0,-1.05E0,1.28E0));
#428=LINE('',#427,#426);
#429=DIRECTION('',(0.E0,0.E0,-1.E0));
#430=VECTOR('',#429,4.9E-1);
#431=CARTESIAN_POINT('',(5.5E0,-1.05E0,1.77E0));
#432=LINE('',#431,#430);
#433=DIRECTION('',(1.E0,0.E0,0.E0));
#434=VECTOR('',#433,1.1E1);
#435=CARTESIAN_POINT('',(-5.5E0,-1.05E0,1.77E0));
#436=LINE('',#435,#434);
#437=DIRECTION('',(0.E0,0.E0,1.E0));
#438=VECTOR('',#437,4.9E-1);
#439=CARTESIAN_POINT('',(-5.5E0,-1.05E0,1.28E0));
#440=LINE('',#439,#438);
#441=DIRECTION('',(0.E0,0.E0,-1.E0));
#442=VECTOR('',#441,1.1E0);
#443=CARTESIAN_POINT('',(-5.5E0,-1.05E0,1.28E0));
#444=LINE('',#443,#442);
#445=DIRECTION('',(0.E0,0.E0,1.E0));
#446=VECTOR('',#445,8.200505063388E-1);
#447=CARTESIAN_POINT('',(-5.5E0,-1.05E0,-6.400505063388E-1));
#448=LINE('',#447,#446);
#449=DIRECTION('',(-7.071067811865E-1,0.E0,7.071067811865E-1));
#450=VECTOR('',#449,1.541421356237E0);
#451=CARTESIAN_POINT('',(-4.410050506339E0,-1.05E0,-1.73E0));
#452=LINE('',#451,#450);
#453=DIRECTION('',(-1.E0,0.E0,0.E0));
#454=VECTOR('',#453,1.410050506339E0);
#455=CARTESIAN_POINT('',(-3.E0,-1.05E0,-1.73E0));
#456=LINE('',#455,#454);
#457=DIRECTION('',(0.E0,1.E0,0.E0));
#458=VECTOR('',#457,3.155E0);
#459=CARTESIAN_POINT('',(3.75E0,-1.05E0,-9.6E-1));
#460=LINE('',#459,#458);
#461=DIRECTION('',(0.E0,1.E0,0.E0));
#462=VECTOR('',#461,3.155E0);
#463=CARTESIAN_POINT('',(3.75E0,-1.05E0,-2.6E-1));
#464=LINE('',#463,#462);
#465=CARTESIAN_POINT('',(3.75E0,2.105E0,-6.15E-1));
#466=DIRECTION('',(1.E0,0.E0,0.E0));
#467=DIRECTION('',(0.E0,0.E0,-1.E0));
#468=AXIS2_PLACEMENT_3D('',#465,#466,#467);
#470=CARTESIAN_POINT('',(3.75E0,2.105E0,-6.05E-1));
#471=DIRECTION('',(-1.E0,0.E0,0.E0));
#472=DIRECTION('',(0.E0,0.E0,1.E0));
#473=AXIS2_PLACEMENT_3D('',#470,#471,#472);
#475=CARTESIAN_POINT('',(3.75E0,2.105E0,-6.1E-1));
#476=DIRECTION('',(0.E0,1.E0,0.E0));
#477=DIRECTION('',(0.E0,0.E0,-1.E0));
#478=AXIS2_PLACEMENT_3D('',#475,#476,#477);
#480=CARTESIAN_POINT('',(3.75E0,2.105E0,-6.1E-1));
#481=DIRECTION('',(0.E0,-1.E0,0.E0));
#482=DIRECTION('',(0.E0,0.E0,-1.E0));
#483=AXIS2_PLACEMENT_3D('',#480,#481,#482);
#485=CARTESIAN_POINT('',(3.75E0,2.45E0,-6.1E-1));
#486=DIRECTION('',(0.E0,1.E0,0.E0));
#487=DIRECTION('',(0.E0,0.E0,-1.E0));
#488=AXIS2_PLACEMENT_3D('',#485,#486,#487);
#490=CARTESIAN_POINT('',(3.75E0,2.45E0,-6.1E-1));
#491=DIRECTION('',(0.E0,-1.E0,0.E0));
#492=DIRECTION('',(0.E0,0.E0,-1.E0));
#493=AXIS2_PLACEMENT_3D('',#490,#491,#492);
#495=DIRECTION('',(0.E0,1.E0,0.E0));
#496=VECTOR('',#495,3.155E0);
#497=CARTESIAN_POINT('',(1.25E0,-1.05E0,-9.6E-1));
#498=LINE('',#497,#496);
#499=DIRECTION('',(0.E0,1.E0,0.E0));
#500=VECTOR('',#499,3.155E0);
#501=CARTESIAN_POINT('',(1.25E0,-1.05E0,-2.6E-1));
#502=LINE('',#501,#500);
#503=CARTESIAN_POINT('',(1.25E0,2.105E0,-6.15E-1));
#504=DIRECTION('',(1.E0,0.E0,0.E0));
#505=DIRECTION('',(0.E0,0.E0,-1.E0));
#506=AXIS2_PLACEMENT_3D('',#503,#504,#505);
#508=CARTESIAN_POINT('',(1.25E0,2.105E0,-6.05E-1));
#509=DIRECTION('',(-1.E0,0.E0,0.E0));
#510=DIRECTION('',(0.E0,0.E0,1.E0));
#511=AXIS2_PLACEMENT_3D('',#508,#509,#510);
#513=CARTESIAN_POINT('',(1.25E0,2.105E0,-6.1E-1));
#514=DIRECTION('',(0.E0,1.E0,0.E0));
#515=DIRECTION('',(0.E0,0.E0,-1.E0));
#516=AXIS2_PLACEMENT_3D('',#513,#514,#515);
#518=CARTESIAN_POINT('',(1.25E0,2.105E0,-6.1E-1));
#519=DIRECTION('',(0.E0,-1.E0,0.E0));
#520=DIRECTION('',(0.E0,0.E0,-1.E0));
#521=AXIS2_PLACEMENT_3D('',#518,#519,#520);
#523=CARTESIAN_POINT('',(1.25E0,2.45E0,-6.1E-1));
#524=DIRECTION('',(0.E0,1.E0,0.E0));
#525=DIRECTION('',(0.E0,0.E0,-1.E0));
#526=AXIS2_PLACEMENT_3D('',#523,#524,#525);
#528=CARTESIAN_POINT('',(1.25E0,2.45E0,-6.1E-1));
#529=DIRECTION('',(0.E0,-1.E0,0.E0));
#530=DIRECTION('',(0.E0,0.E0,-1.E0));
#531=AXIS2_PLACEMENT_3D('',#528,#529,#530);
#533=DIRECTION('',(0.E0,1.E0,0.E0));
#534=VECTOR('',#533,3.155E0);
#535=CARTESIAN_POINT('',(-1.25E0,-1.05E0,-9.6E-1));
#536=LINE('',#535,#534);
#537=DIRECTION('',(0.E0,1.E0,0.E0));
#538=VECTOR('',#537,3.155E0);
#539=CARTESIAN_POINT('',(-1.25E0,-1.05E0,-2.6E-1));
#540=LINE('',#539,#538);
#541=CARTESIAN_POINT('',(-1.25E0,2.105E0,-6.15E-1));
#542=DIRECTION('',(1.E0,0.E0,0.E0));
#543=DIRECTION('',(0.E0,0.E0,-1.E0));
#544=AXIS2_PLACEMENT_3D('',#541,#542,#543);
#546=CARTESIAN_POINT('',(-1.25E0,2.105E0,-6.05E-1));
#547=DIRECTION('',(-1.E0,0.E0,0.E0));
#548=DIRECTION('',(0.E0,0.E0,1.E0));
#549=AXIS2_PLACEMENT_3D('',#546,#547,#548);
#551=CARTESIAN_POINT('',(-1.25E0,2.105E0,-6.1E-1));
#552=DIRECTION('',(0.E0,1.E0,0.E0));
#553=DIRECTION('',(0.E0,0.E0,-1.E0));
#554=AXIS2_PLACEMENT_3D('',#551,#552,#553);
#556=CARTESIAN_POINT('',(-1.25E0,2.105E0,-6.1E-1));
#557=DIRECTION('',(0.E0,-1.E0,0.E0));
#558=DIRECTION('',(0.E0,0.E0,-1.E0));
#559=AXIS2_PLACEMENT_3D('',#556,#557,#558);
#561=CARTESIAN_POINT('',(-1.25E0,2.45E0,-6.1E-1));
#562=DIRECTION('',(0.E0,1.E0,0.E0));
#563=DIRECTION('',(0.E0,0.E0,-1.E0));
#564=AXIS2_PLACEMENT_3D('',#561,#562,#563);
#566=CARTESIAN_POINT('',(-1.25E0,2.45E0,-6.1E-1));
#567=DIRECTION('',(0.E0,-1.E0,0.E0));
#568=DIRECTION('',(0.E0,0.E0,-1.E0));
#569=AXIS2_PLACEMENT_3D('',#566,#567,#568);
#571=DIRECTION('',(0.E0,1.E0,0.E0));
#572=VECTOR('',#571,3.155E0);
#573=CARTESIAN_POINT('',(-3.75E0,-1.05E0,-9.6E-1));
#574=LINE('',#573,#572);
#575=DIRECTION('',(0.E0,1.E0,0.E0));
#576=VECTOR('',#575,3.155E0);
#577=CARTESIAN_POINT('',(-3.75E0,-1.05E0,-2.6E-1));
#578=LINE('',#577,#576);
#579=CARTESIAN_POINT('',(-3.75E0,2.105E0,-6.15E-1));
#580=DIRECTION('',(1.E0,0.E0,0.E0));
#581=DIRECTION('',(0.E0,0.E0,-1.E0));
#582=AXIS2_PLACEMENT_3D('',#579,#580,#581);
#584=CARTESIAN_POINT('',(-3.75E0,2.105E0,-6.05E-1));
#585=DIRECTION('',(-1.E0,0.E0,0.E0));
#586=DIRECTION('',(0.E0,0.E0,1.E0));
#587=AXIS2_PLACEMENT_3D('',#584,#585,#586);
#589=CARTESIAN_POINT('',(-3.75E0,2.105E0,-6.1E-1));
#590=DIRECTION('',(0.E0,1.E0,0.E0));
#591=DIRECTION('',(0.E0,0.E0,-1.E0));
#592=AXIS2_PLACEMENT_3D('',#589,#590,#591);
#594=CARTESIAN_POINT('',(-3.75E0,2.105E0,-6.1E-1));
#595=DIRECTION('',(0.E0,-1.E0,0.E0));
#596=DIRECTION('',(0.E0,0.E0,-1.E0));
#597=AXIS2_PLACEMENT_3D('',#594,#595,#596);
#599=CARTESIAN_POINT('',(-3.75E0,2.45E0,-6.1E-1));
#600=DIRECTION('',(0.E0,1.E0,0.E0));
#601=DIRECTION('',(0.E0,0.E0,-1.E0));
#602=AXIS2_PLACEMENT_3D('',#599,#600,#601);
#604=CARTESIAN_POINT('',(-3.75E0,2.45E0,-6.1E-1));
#605=DIRECTION('',(0.E0,-1.E0,0.E0));
#606=DIRECTION('',(0.E0,0.E0,-1.E0));
#607=AXIS2_PLACEMENT_3D('',#604,#605,#606);
#609=DIRECTION('',(-2.190330917529E-7,1.E0,0.E0));
#610=VECTOR('',#609,3.75E0);
#611=CARTESIAN_POINT('',(3.E0,-1.05E0,-1.73E0));
#612=LINE('',#611,#610);
#613=DIRECTION('',(-9.999999997544E-1,-1.567110852501E-5,1.567110852485E-5));
#614=VECTOR('',#613,1.410016605036E0);
#615=CARTESIAN_POINT('',(4.410015783316E0,2.700022096523E0,-1.730022096523E0));
#616=LINE('',#615,#614);
#617=DIRECTION('',(9.259418217164E-6,-9.999999999398E-1,5.892371476564E-6));
#618=VECTOR('',#617,3.750022096749E0);
#619=CARTESIAN_POINT('',(4.410015783316E0,2.700022096523E0,-1.730022096523E0));
#620=LINE('',#619,#618);
#621=DIRECTION('',(1.824510438434E-7,1.E0,0.E0));
#622=VECTOR('',#621,3.75E0);
#623=CARTESIAN_POINT('',(5.E-1,-1.05E0,-1.73E0));
#624=LINE('',#623,#622);
#625=DIRECTION('',(-1.E0,0.E0,0.E0));
#626=VECTOR('',#625,1.499999031276E0);
#627=CARTESIAN_POINT('',(1.999999715467E0,2.7E0,-1.73E0));
#628=LINE('',#627,#626);
#629=DIRECTION('',(-7.587544317289E-8,1.E0,0.E0));
#630=VECTOR('',#629,3.75E0);
#631=CARTESIAN_POINT('',(2.E0,-1.05E0,-1.73E0));
#632=LINE('',#631,#630);
#633=DIRECTION('',(5.667656852873E-7,9.999999999998E-1,0.E0));
#634=VECTOR('',#633,3.750000000001E0);
#635=CARTESIAN_POINT('',(-3.E0,-1.05E0,-1.73E0));
#636=LINE('',#635,#634);
#637=DIRECTION('',(-9.999999997995E-1,8.954850733860E-6,-1.790970146804E-5));
#638=VECTOR('',#637,1.410027378823E0);
#639=CARTESIAN_POINT('',(-2.999997874629E0,2.7E0,-1.73E0));
#640=LINE('',#639,#638);
#641=DIRECTION('',(3.717325091893E-7,9.999999999999E-1,0.E0));
#642=VECTOR('',#641,3.75E0);
#643=CARTESIAN_POINT('',(-2.E0,-1.05E0,-1.73E0));
#644=LINE('',#643,#642);
#645=DIRECTION('',(-1.E0,0.E0,0.E0));
#646=VECTOR('',#645,1.499999793744E0);
#647=CARTESIAN_POINT('',(-4.999988122588E-1,2.7E0,-1.73E0));
#648=LINE('',#647,#646);
#649=DIRECTION('',(3.167309803468E-7,9.999999999999E-1,0.E0));
#650=VECTOR('',#649,3.75E0);
#651=CARTESIAN_POINT('',(-5.E-1,-1.05E0,-1.73E0));
#652=LINE('',#651,#650);
#653=DIRECTION('',(0.E0,1.E0,0.E0));
#654=VECTOR('',#653,3.75E0);
#655=CARTESIAN_POINT('',(2.5E0,-1.05E0,-1.03E0));
#656=LINE('',#655,#654);
#657=DIRECTION('',(5.812375614676E-1,0.E0,-8.137339228146E-1));
#658=VECTOR('',#657,8.602320492905E-1);
#659=CARTESIAN_POINT('',(2.5E0,2.7E0,-1.03E0));
#660=LINE('',#659,#658);
#661=DIRECTION('',(5.812384127376E-1,0.E0,8.137333147649E-1));
#662=VECTOR('',#661,8.602326920857E-1);
#663=CARTESIAN_POINT('',(1.999999715467E0,2.7E0,-1.73E0));
#664=LINE('',#663,#662);
#665=DIRECTION('',(1.E0,0.E0,0.E0));
#666=VECTOR('',#665,9.999992686256E-1);
#667=CARTESIAN_POINT('',(-2.999997874629E0,2.7E0,-1.73E0));
#668=LINE('',#667,#666);
#669=DIRECTION('',(1.E0,0.E0,0.E0));
#670=VECTOR('',#669,9.999994631588E-1);
#671=CARTESIAN_POINT('',(1.999999715467E0,2.7E0,-1.73E0));
#672=LINE('',#671,#670);
#673=DIRECTION('',(1.E0,0.E0,0.E0));
#674=VECTOR('',#673,9.999994964502E-1);
#675=CARTESIAN_POINT('',(-4.999988122588E-1,2.7E0,-1.73E0));
#676=LINE('',#675,#674);
#677=DIRECTION('',(5.812392667437E-1,0.E0,-8.137327047595E-1));
#678=VECTOR('',#677,8.602333369493E-1);
#679=CARTESIAN_POINT('',(-2.5E0,2.7E0,-1.03E0));
#680=LINE('',#679,#678);
#681=DIRECTION('',(5.812365577155E-1,0.E0,8.137346397782E-1));
#682=VECTOR('',#681,8.602312913590E-1);
#683=CARTESIAN_POINT('',(-2.999997874629E0,2.7E0,-1.73E0));
#684=LINE('',#683,#682);
#685=DIRECTION('',(0.E0,1.E0,0.E0));
#686=VECTOR('',#685,3.75E0);
#687=CARTESIAN_POINT('',(-2.5E0,-1.05E0,-1.03E0));
#688=LINE('',#687,#686);
#689=DIRECTION('',(7.143216082251E-5,7.071246371972E-1,-7.070889211168E-1));
#690=VECTOR('',#689,3.535266065769E-1);
#691=CARTESIAN_POINT('',(-4.410025253169E0,2.700012626585E0,-1.730025253169E0));
#692=LINE('',#691,#690);
#693=DIRECTION('',(-1.010177786715E-4,-9.999999897954E-1,1.010177786733E-4));
#694=VECTOR('',#693,2.499873759663E-1);
#695=CARTESIAN_POINT('',(-4.41E0,2.95E0,-1.730050506339E0));
#696=LINE('',#695,#694);
#697=DIRECTION('',(-6.734155836135E-6,-9.999999999547E-1,6.734155836253E-6));
#698=VECTOR('',#697,3.750012626755E0);
#699=CARTESIAN_POINT('',(-4.410025253169E0,2.700012626585E0,-1.730025253169E0));
#700=LINE('',#699,#698);
#701=DIRECTION('',(-4.464590488411E-5,7.071067804818E-1,-7.071067804818E-1));
#702=VECTOR('',#701,3.535221417428E-1);
#703=CARTESIAN_POINT('',(4.410015783316E0,2.700022096523E0,-1.730022096523E0));
#704=LINE('',#703,#702);
#705=DIRECTION('',(0.E0,-1.E0,0.E0));
#706=VECTOR('',#705,4.E0);
#707=CARTESIAN_POINT('',(5.5E0,2.95E0,-6.400505063388E-1));
#708=LINE('',#707,#706);
#709=DIRECTION('',(6.313884372085E-5,-9.999999915487E-1,1.136493064330E-4));
#710=VECTOR('',#709,2.499779055894E-1);
#711=CARTESIAN_POINT('',(4.41E0,2.95E0,-1.730050506339E0));
#712=LINE('',#711,#710);
#713=DIRECTION('',(0.E0,-6.481199010631E-1,-7.615383075367E-1));
#714=VECTOR('',#713,6.171697541518E-1);
#715=CARTESIAN_POINT('',(5.5E0,2.95E0,1.749998410040E0));
#716=LINE('',#715,#714);
#717=DIRECTION('',(0.E0,-1.E0,0.E0));
#718=VECTOR('',#717,3.75E0);
#719=CARTESIAN_POINT('',(5.5E0,2.7E0,1.77E0));
#720=LINE('',#719,#718);
#721=DIRECTION('',(0.E0,1.E0,0.E0));
#722=VECTOR('',#721,3.6E0);
#723=CARTESIAN_POINT('',(5.5E0,-1.05E0,1.28E0));
#724=LINE('',#723,#722);
#725=DIRECTION('',(0.E0,1.E0,0.E0));
#726=VECTOR('',#725,3.1E0);
#727=CARTESIAN_POINT('',(5.5E0,-1.05E0,1.8E-1));
#728=LINE('',#727,#726);
#729=DIRECTION('',(0.E0,6.427876096865E-1,-7.660444431190E-1));
#730=VECTOR('',#729,6.222895307442E-1);
#731=CARTESIAN_POINT('',(5.5E0,2.55E0,5.8E-1));
#732=LINE('',#731,#730);
#733=DIRECTION('',(0.E0,1.E0,0.E0));
#734=VECTOR('',#733,5.E-1);
#735=CARTESIAN_POINT('',(5.5E0,2.05E0,5.8E-1));
#736=LINE('',#735,#734);
#737=DIRECTION('',(0.E0,0.E0,1.E0));
#738=VECTOR('',#737,4.E-1);
#739=CARTESIAN_POINT('',(5.5E0,2.05E0,1.8E-1));
#740=LINE('',#739,#738);
#741=DIRECTION('',(1.E0,0.E0,0.E0));
#742=VECTOR('',#741,1.1E1);
#743=CARTESIAN_POINT('',(-5.5E0,2.95E0,2.02E0));
#744=LINE('',#743,#742);
#745=DIRECTION('',(0.E0,-7.071067811865E-1,-7.071067811865E-1));
#746=VECTOR('',#745,3.535533905933E-1);
#747=CARTESIAN_POINT('',(-5.5E0,2.95E0,2.02E0));
#748=LINE('',#747,#746);
#749=DIRECTION('',(1.E0,0.E0,0.E0));
#750=VECTOR('',#749,1.1E1);
#751=CARTESIAN_POINT('',(-5.5E0,2.7E0,1.77E0));
#752=LINE('',#751,#750);
#753=DIRECTION('',(0.E0,-7.071067811865E-1,-7.071067811865E-1));
#754=VECTOR('',#753,3.535533905933E-1);
#755=CARTESIAN_POINT('',(5.5E0,2.95E0,2.02E0));
#756=LINE('',#755,#754);
#757=DIRECTION('',(0.E0,-1.E0,0.E0));
#758=VECTOR('',#757,3.75E0);
#759=CARTESIAN_POINT('',(-5.5E0,2.7E0,1.77E0));
#760=LINE('',#759,#758);
#761=DIRECTION('',(-1.E0,0.E0,0.E0));
#762=VECTOR('',#761,7.E-1);
#763=CARTESIAN_POINT('',(6.2E0,2.55E0,1.28E0));
#764=LINE('',#763,#762);
#765=DIRECTION('',(0.E0,0.E0,1.E0));
#766=VECTOR('',#765,4.4E-1);
#767=CARTESIAN_POINT('',(5.5E0,-2.85E0,1.8E-1));
#768=LINE('',#767,#766);
#769=DIRECTION('',(0.E0,1.E0,0.E0));
#770=VECTOR('',#769,1.E-1);
#771=CARTESIAN_POINT('',(5.5E0,-2.95E0,6.2E-1));
#772=LINE('',#771,#770);
#773=DIRECTION('',(0.E0,1.E0,0.E0));
#774=VECTOR('',#773,1.E0);
#775=CARTESIAN_POINT('',(5.5E0,-2.95E0,1.47E0));
#776=LINE('',#775,#774);
#777=DIRECTION('',(0.E0,0.E0,1.E0));
#778=VECTOR('',#777,1.9E-1);
#779=CARTESIAN_POINT('',(5.5E0,-1.95E0,1.28E0));
#780=LINE('',#779,#778);
#781=DIRECTION('',(0.E0,-1.E0,0.E0));
#782=VECTOR('',#781,9.E-1);
#783=CARTESIAN_POINT('',(5.5E0,-1.05E0,1.28E0));
#784=LINE('',#783,#782);
#785=DIRECTION('',(0.E0,1.E0,0.E0));
#786=VECTOR('',#785,1.8E0);
#787=CARTESIAN_POINT('',(5.5E0,-2.85E0,1.8E-1));
#788=LINE('',#787,#786);
#789=DIRECTION('',(-1.E0,0.E0,0.E0));
#790=VECTOR('',#789,1.1E1);
#791=CARTESIAN_POINT('',(5.5E0,-2.85E0,6.2E-1));
#792=LINE('',#791,#790);
#793=DIRECTION('',(1.E0,0.E0,0.E0));
#794=VECTOR('',#793,7.E-1);
#795=CARTESIAN_POINT('',(5.5E0,-2.85E0,1.8E-1));
#796=LINE('',#795,#794);
#797=DIRECTION('',(-1.E0,0.E0,0.E0));
#798=VECTOR('',#797,7.E-1);
#799=CARTESIAN_POINT('',(6.2E0,2.05E0,1.8E-1));
#800=LINE('',#799,#798);
#801=DIRECTION('',(-1.E0,0.E0,0.E0));
#802=VECTOR('',#801,7.E-1);
#803=CARTESIAN_POINT('',(6.2E0,2.05E0,5.8E-1));
#804=LINE('',#803,#802);
#805=DIRECTION('',(-1.E0,0.E0,0.E0));
#806=VECTOR('',#805,7.E-1);
#807=CARTESIAN_POINT('',(6.2E0,2.55E0,5.8E-1));
#808=LINE('',#807,#806);
#809=DIRECTION('',(5.812387203736E-1,0.E0,-8.137330950247E-1));
#810=VECTOR('',#809,8.602329243826E-1);
#811=CARTESIAN_POINT('',(0.E0,2.7E0,-1.03E0));
#812=LINE('',#811,#810);
#813=DIRECTION('',(5.812372794567E-1,0.E0,8.137341242505E-1));
#814=VECTOR('',#813,8.602318363443E-1);
#815=CARTESIAN_POINT('',(-4.999988122588E-1,2.7E0,-1.73E0));
#816=LINE('',#815,#814);
#817=DIRECTION('',(0.E0,1.E0,0.E0));
#818=VECTOR('',#817,3.75E0);
#819=CARTESIAN_POINT('',(0.E0,-1.05E0,-1.03E0));
#820=LINE('',#819,#818);
#821=CARTESIAN_POINT('',(3.75E0,-6.105E0,-6.1E-1));
#822=DIRECTION('',(0.E0,-1.E0,0.E0));
#823=DIRECTION('',(0.E0,0.E0,-1.E0));
#824=AXIS2_PLACEMENT_3D('',#821,#822,#823);
#826=DIRECTION('',(0.E0,1.E0,0.E0));
#827=VECTOR('',#826,3.255E0);
#828=CARTESIAN_POINT('',(3.75E0,-6.105E0,-9.6E-1));
#829=LINE('',#828,#827);
#830=DIRECTION('',(0.E0,1.E0,0.E0));
#831=VECTOR('',#830,3.255E0);
#832=CARTESIAN_POINT('',(3.75E0,-6.105E0,-2.6E-1));
#833=LINE('',#832,#831);
#834=CARTESIAN_POINT('',(3.75E0,-6.105E0,-6.1E-1));
#835=DIRECTION('',(0.E0,1.E0,0.E0));
#836=DIRECTION('',(0.E0,0.E0,-1.E0));
#837=AXIS2_PLACEMENT_3D('',#834,#835,#836);
#839=CARTESIAN_POINT('',(3.75E0,-6.105E0,-6.15E-1));
#840=DIRECTION('',(1.E0,0.E0,0.E0));
#841=DIRECTION('',(0.E0,-1.E0,0.E0));
#842=AXIS2_PLACEMENT_3D('',#839,#840,#841);
#844=CARTESIAN_POINT('',(3.75E0,-6.105E0,-6.05E-1));
#845=DIRECTION('',(-1.E0,0.E0,0.E0));
#846=DIRECTION('',(0.E0,-1.E0,0.E0));
#847=AXIS2_PLACEMENT_3D('',#844,#845,#846);
#849=CARTESIAN_POINT('',(3.75E0,-6.45E0,-6.1E-1));
#850=DIRECTION('',(0.E0,1.E0,0.E0));
#851=DIRECTION('',(0.E0,0.E0,-1.E0));
#852=AXIS2_PLACEMENT_3D('',#849,#850,#851);
#854=CARTESIAN_POINT('',(3.75E0,-6.45E0,-6.1E-1));
#855=DIRECTION('',(0.E0,-1.E0,0.E0));
#856=DIRECTION('',(0.E0,0.E0,-1.E0));
#857=AXIS2_PLACEMENT_3D('',#854,#855,#856);
#859=CARTESIAN_POINT('',(1.25E0,-6.105E0,-6.1E-1));
#860=DIRECTION('',(0.E0,-1.E0,0.E0));
#861=DIRECTION('',(0.E0,0.E0,-1.E0));
#862=AXIS2_PLACEMENT_3D('',#859,#860,#861);
#864=DIRECTION('',(0.E0,1.E0,0.E0));
#865=VECTOR('',#864,3.255E0);
#866=CARTESIAN_POINT('',(1.25E0,-6.105E0,-2.6E-1));
#867=LINE('',#866,#865);
#868=CARTESIAN_POINT('',(1.25E0,-6.105E0,-6.1E-1));
#869=DIRECTION('',(0.E0,1.E0,0.E0));
#870=DIRECTION('',(0.E0,0.E0,-1.E0));
#871=AXIS2_PLACEMENT_3D('',#868,#869,#870);
#873=DIRECTION('',(0.E0,1.E0,0.E0));
#874=VECTOR('',#873,3.255E0);
#875=CARTESIAN_POINT('',(1.25E0,-6.105E0,-9.6E-1));
#876=LINE('',#875,#874);
#877=CARTESIAN_POINT('',(1.25E0,-6.105E0,-6.15E-1));
#878=DIRECTION('',(1.E0,0.E0,0.E0));
#879=DIRECTION('',(0.E0,-1.E0,0.E0));
#880=AXIS2_PLACEMENT_3D('',#877,#878,#879);
#882=CARTESIAN_POINT('',(1.25E0,-6.105E0,-6.05E-1));
#883=DIRECTION('',(-1.E0,0.E0,0.E0));
#884=DIRECTION('',(0.E0,-1.E0,0.E0));
#885=AXIS2_PLACEMENT_3D('',#882,#883,#884);
#887=CARTESIAN_POINT('',(1.25E0,-6.45E0,-6.1E-1));
#888=DIRECTION('',(0.E0,1.E0,0.E0));
#889=DIRECTION('',(0.E0,0.E0,-1.E0));
#890=AXIS2_PLACEMENT_3D('',#887,#888,#889);
#892=CARTESIAN_POINT('',(1.25E0,-6.45E0,-6.1E-1));
#893=DIRECTION('',(0.E0,-1.E0,0.E0));
#894=DIRECTION('',(0.E0,0.E0,-1.E0));
#895=AXIS2_PLACEMENT_3D('',#892,#893,#894);
#897=CARTESIAN_POINT('',(-1.25E0,-6.105E0,-6.1E-1));
#898=DIRECTION('',(0.E0,-1.E0,0.E0));
#899=DIRECTION('',(0.E0,0.E0,-1.E0));
#900=AXIS2_PLACEMENT_3D('',#897,#898,#899);
#902=DIRECTION('',(0.E0,1.E0,0.E0));
#903=VECTOR('',#902,3.255E0);
#904=CARTESIAN_POINT('',(-1.25E0,-6.105E0,-2.6E-1));
#905=LINE('',#904,#903);
#906=CARTESIAN_POINT('',(-1.25E0,-6.105E0,-6.1E-1));
#907=DIRECTION('',(0.E0,1.E0,0.E0));
#908=DIRECTION('',(0.E0,0.E0,-1.E0));
#909=AXIS2_PLACEMENT_3D('',#906,#907,#908);
#911=DIRECTION('',(0.E0,1.E0,0.E0));
#912=VECTOR('',#911,3.255E0);
#913=CARTESIAN_POINT('',(-1.25E0,-6.105E0,-9.6E-1));
#914=LINE('',#913,#912);
#915=CARTESIAN_POINT('',(-1.25E0,-6.105E0,-6.15E-1));
#916=DIRECTION('',(1.E0,0.E0,0.E0));
#917=DIRECTION('',(0.E0,-1.E0,0.E0));
#918=AXIS2_PLACEMENT_3D('',#915,#916,#917);
#920=CARTESIAN_POINT('',(-1.25E0,-6.105E0,-6.05E-1));
#921=DIRECTION('',(-1.E0,0.E0,0.E0));
#922=DIRECTION('',(0.E0,-1.E0,0.E0));
#923=AXIS2_PLACEMENT_3D('',#920,#921,#922);
#925=CARTESIAN_POINT('',(-1.25E0,-6.45E0,-6.1E-1));
#926=DIRECTION('',(0.E0,1.E0,0.E0));
#927=DIRECTION('',(0.E0,0.E0,-1.E0));
#928=AXIS2_PLACEMENT_3D('',#925,#926,#927);
#930=CARTESIAN_POINT('',(-1.25E0,-6.45E0,-6.1E-1));
#931=DIRECTION('',(0.E0,-1.E0,0.E0));
#932=DIRECTION('',(0.E0,0.E0,-1.E0));
#933=AXIS2_PLACEMENT_3D('',#930,#931,#932);
#935=CARTESIAN_POINT('',(-3.75E0,-6.105E0,-6.1E-1));
#936=DIRECTION('',(0.E0,-1.E0,0.E0));
#937=DIRECTION('',(0.E0,0.E0,-1.E0));
#938=AXIS2_PLACEMENT_3D('',#935,#936,#937);
#940=DIRECTION('',(0.E0,1.E0,0.E0));
#941=VECTOR('',#940,3.255E0);
#942=CARTESIAN_POINT('',(-3.75E0,-6.105E0,-2.6E-1));
#943=LINE('',#942,#941);
#944=CARTESIAN_POINT('',(-3.75E0,-6.105E0,-6.1E-1));
#945=DIRECTION('',(0.E0,1.E0,0.E0));
#946=DIRECTION('',(0.E0,0.E0,-1.E0));
#947=AXIS2_PLACEMENT_3D('',#944,#945,#946);
#949=DIRECTION('',(0.E0,1.E0,0.E0));
#950=VECTOR('',#949,3.255E0);
#951=CARTESIAN_POINT('',(-3.75E0,-6.105E0,-9.6E-1));
#952=LINE('',#951,#950);
#953=CARTESIAN_POINT('',(-3.75E0,-6.105E0,-6.15E-1));
#954=DIRECTION('',(1.E0,0.E0,0.E0));
#955=DIRECTION('',(0.E0,-1.E0,0.E0));
#956=AXIS2_PLACEMENT_3D('',#953,#954,#955);
#958=CARTESIAN_POINT('',(-3.75E0,-6.105E0,-6.05E-1));
#959=DIRECTION('',(-1.E0,0.E0,0.E0));
#960=DIRECTION('',(0.E0,-1.E0,0.E0));
#961=AXIS2_PLACEMENT_3D('',#958,#959,#960);
#963=CARTESIAN_POINT('',(-3.75E0,-6.45E0,-6.1E-1));
#964=DIRECTION('',(0.E0,1.E0,0.E0));
#965=DIRECTION('',(0.E0,0.E0,-1.E0));
#966=AXIS2_PLACEMENT_3D('',#963,#964,#965);
#968=CARTESIAN_POINT('',(-3.75E0,-6.45E0,-6.1E-1));
#969=DIRECTION('',(0.E0,-1.E0,0.E0));
#970=DIRECTION('',(0.E0,0.E0,-1.E0));
#971=AXIS2_PLACEMENT_3D('',#968,#969,#970);
#973=CARTESIAN_POINT('',(6.2E0,-2.95E0,-2.43E0));
#974=CARTESIAN_POINT('',(-4.7E0,-2.95E0,-2.43E0));
#975=VERTEX_POINT('',#973);
#976=VERTEX_POINT('',#974);
#977=CARTESIAN_POINT('',(-6.2E0,2.95E0,2.47E0));
#978=CARTESIAN_POINT('',(6.2E0,2.95E0,2.47E0));
#979=VERTEX_POINT('',#977);
#980=VERTEX_POINT('',#978);
#981=CARTESIAN_POINT('',(6.2E0,2.95E0,-2.43E0));
#982=CARTESIAN_POINT('',(-4.7E0,2.95E0,-2.43E0));
#983=VERTEX_POINT('',#981);
#984=VERTEX_POINT('',#982);
#985=CARTESIAN_POINT('',(-6.2E0,2.95E0,-9.3E-1));
#986=VERTEX_POINT('',#985);
#987=CARTESIAN_POINT('',(-5.5E0,-1.05E0,1.77E0));
#988=CARTESIAN_POINT('',(5.5E0,-1.05E0,1.77E0));
#989=VERTEX_POINT('',#987);
#990=VERTEX_POINT('',#988);
#991=CARTESIAN_POINT('',(5.5E0,-1.05E0,-6.400505063388E-1));
#992=CARTESIAN_POINT('',(4.410050506339E0,-1.05E0,-1.73E0));
#993=VERTEX_POINT('',#991);
#994=VERTEX_POINT('',#992);
#995=CARTESIAN_POINT('',(-4.410050506339E0,-1.05E0,-1.73E0));
#996=CARTESIAN_POINT('',(-5.5E0,-1.05E0,-6.400505063388E-1));
#997=VERTEX_POINT('',#995);
#998=VERTEX_POINT('',#996);
#999=CARTESIAN_POINT('',(-5.5E0,2.95E0,-6.400505063388E-1));
#1000=VERTEX_POINT('',#999);
#1001=CARTESIAN_POINT('',(5.5E0,2.95E0,-6.400505063388E-1));
#1002=VERTEX_POINT('',#1001);
#1003=CARTESIAN_POINT('',(6.2E0,2.95E0,1.749998410040E0));
#1004=CARTESIAN_POINT('',(5.5E0,2.95E0,1.749998410040E0));
#1005=VERTEX_POINT('',#1003);
#1006=VERTEX_POINT('',#1004);
#1007=CARTESIAN_POINT('',(6.2E0,2.95E0,1.032985629623E-1));
#1008=CARTESIAN_POINT('',(5.5E0,2.95E0,1.032985629623E-1));
#1009=VERTEX_POINT('',#1007);
#1010=VERTEX_POINT('',#1008);
#1011=CARTESIAN_POINT('',(6.2E0,2.55E0,1.28E0));
#1012=VERTEX_POINT('',#1011);
#1013=CARTESIAN_POINT('',(6.2E0,-1.95E0,1.28E0));
#1014=VERTEX_POINT('',#1013);
#1015=CARTESIAN_POINT('',(6.2E0,-1.95E0,2.47E0));
#1016=VERTEX_POINT('',#1015);
#1017=CARTESIAN_POINT('',(6.2E0,2.05E0,1.8E-1));
#1018=CARTESIAN_POINT('',(6.2E0,2.05E0,5.8E-1));
#1019=VERTEX_POINT('',#1017);
#1020=VERTEX_POINT('',#1018);
#1021=CARTESIAN_POINT('',(6.2E0,2.55E0,5.8E-1));
#1022=VERTEX_POINT('',#1021);
#1023=CARTESIAN_POINT('',(5.5E0,2.55E0,1.28E0));
#1024=VERTEX_POINT('',#1023);
#1025=CARTESIAN_POINT('',(5.5E0,-1.05E0,1.28E0));
#1026=VERTEX_POINT('',#1025);
#1027=CARTESIAN_POINT('',(5.5E0,-1.05E0,1.8E-1));
#1028=CARTESIAN_POINT('',(5.5E0,2.05E0,1.8E-1));
#1029=VERTEX_POINT('',#1027);
#1030=VERTEX_POINT('',#1028);
#1031=CARTESIAN_POINT('',(5.5E0,2.05E0,5.8E-1));
#1032=VERTEX_POINT('',#1031);
#1033=CARTESIAN_POINT('',(5.5E0,2.55E0,5.8E-1));
#1034=VERTEX_POINT('',#1033);
#1035=CARTESIAN_POINT('',(5.5E0,-1.95E0,1.28E0));
#1036=VERTEX_POINT('',#1035);
#1037=CARTESIAN_POINT('',(-6.2E0,2.95E0,1.749998410040E0));
#1038=CARTESIAN_POINT('',(-5.5E0,2.95E0,1.749998410040E0));
#1039=VERTEX_POINT('',#1037);
#1040=VERTEX_POINT('',#1038);
#1041=CARTESIAN_POINT('',(-6.2E0,2.95E0,1.032985629623E-1));
#1042=CARTESIAN_POINT('',(-5.5E0,2.95E0,1.032985629623E-1));
#1043=VERTEX_POINT('',#1041);
#1044=VERTEX_POINT('',#1042);
#1045=CARTESIAN_POINT('',(-6.2E0,2.55E0,1.28E0));
#1046=VERTEX_POINT('',#1045);
#1047=CARTESIAN_POINT('',(-6.2E0,-1.95E0,1.28E0));
#1048=VERTEX_POINT('',#1047);
#1049=CARTESIAN_POINT('',(-6.2E0,-1.95E0,2.47E0));
#1050=VERTEX_POINT('',#1049);
#1051=CARTESIAN_POINT('',(-6.2E0,2.05E0,1.8E-1));
#1052=CARTESIAN_POINT('',(-6.2E0,2.05E0,5.8E-1));
#1053=VERTEX_POINT('',#1051);
#1054=VERTEX_POINT('',#1052);
#1055=CARTESIAN_POINT('',(-6.2E0,2.55E0,5.8E-1));
#1056=VERTEX_POINT('',#1055);
#1057=CARTESIAN_POINT('',(-5.5E0,2.55E0,1.28E0));
#1058=VERTEX_POINT('',#1057);
#1059=CARTESIAN_POINT('',(-5.5E0,-1.05E0,1.28E0));
#1060=VERTEX_POINT('',#1059);
#1061=CARTESIAN_POINT('',(-5.5E0,-1.05E0,1.8E-1));
#1062=CARTESIAN_POINT('',(-5.5E0,2.05E0,1.8E-1));
#1063=VERTEX_POINT('',#1061);
#1064=VERTEX_POINT('',#1062);
#1065=CARTESIAN_POINT('',(-5.5E0,2.05E0,5.8E-1));
#1066=VERTEX_POINT('',#1065);
#1067=CARTESIAN_POINT('',(-5.5E0,2.55E0,5.8E-1));
#1068=VERTEX_POINT('',#1067);
#1069=CARTESIAN_POINT('',(-5.5E0,-1.95E0,1.28E0));
#1070=VERTEX_POINT('',#1069);
#1071=CARTESIAN_POINT('',(-5.5E0,-2.95E0,1.47E0));
#1072=CARTESIAN_POINT('',(5.5E0,-2.95E0,1.47E0));
#1073=VERTEX_POINT('',#1071);
#1074=VERTEX_POINT('',#1072);
#1075=CARTESIAN_POINT('',(5.5E0,-1.95E0,1.47E0));
#1076=VERTEX_POINT('',#1075);
#1077=CARTESIAN_POINT('',(-5.5E0,-1.95E0,1.47E0));
#1078=VERTEX_POINT('',#1077);
#1079=CARTESIAN_POINT('',(3.75E0,-1.05E0,-9.6E-1));
#1080=CARTESIAN_POINT('',(3.75E0,-1.05E0,-2.6E-1));
#1081=VERTEX_POINT('',#1079);
#1082=VERTEX_POINT('',#1080);
#1083=CARTESIAN_POINT('',(3.75E0,2.105E0,-9.6E-1));
#1084=VERTEX_POINT('',#1083);
#1085=CARTESIAN_POINT('',(3.75E0,-6.105E0,-9.6E-1));
#1086=CARTESIAN_POINT('',(3.75E0,-2.85E0,-9.6E-1));
#1087=VERTEX_POINT('',#1085);
#1088=VERTEX_POINT('',#1086);
#1089=CARTESIAN_POINT('',(3.75E0,2.105E0,-2.6E-1));
#1090=VERTEX_POINT('',#1089);
#1091=CARTESIAN_POINT('',(3.75E0,-6.105E0,-2.6E-1));
#1092=CARTESIAN_POINT('',(3.75E0,-2.85E0,-2.6E-1));
#1093=VERTEX_POINT('',#1091);
#1094=VERTEX_POINT('',#1092);
#1095=CARTESIAN_POINT('',(-5.55E0,-2.95E0,-1.58E0));
#1096=CARTESIAN_POINT('',(6.2E0,-2.95E0,-1.58E0));
#1097=VERTEX_POINT('',#1095);
#1098=VERTEX_POINT('',#1096);
#1099=CARTESIAN_POINT('',(-5.5E0,-2.95E0,6.2E-1));
#1100=CARTESIAN_POINT('',(5.5E0,-2.95E0,6.2E-1));
#1101=VERTEX_POINT('',#1099);
#1102=VERTEX_POINT('',#1100);
#1103=CARTESIAN_POINT('',(-6.2E0,-2.85E0,-9.3E-1));
#1104=CARTESIAN_POINT('',(-6.2E0,-2.85E0,1.8E-1));
#1105=VERTEX_POINT('',#1103);
#1106=VERTEX_POINT('',#1104);
#1107=CARTESIAN_POINT('',(6.2E0,-2.85E0,-1.58E0));
#1108=VERTEX_POINT('',#1107);
#1109=CARTESIAN_POINT('',(6.2E0,-2.85E0,1.8E-1));
#1110=VERTEX_POINT('',#1109);
#1111=CARTESIAN_POINT('',(-5.55E0,-2.85E0,-1.58E0));
#1112=VERTEX_POINT('',#1111);
#1113=CARTESIAN_POINT('',(5.5E0,-2.85E0,1.8E-1));
#1114=CARTESIAN_POINT('',(5.5E0,-2.85E0,6.2E-1));
#1115=VERTEX_POINT('',#1113);
#1116=VERTEX_POINT('',#1114);
#1117=CARTESIAN_POINT('',(-5.5E0,-2.85E0,1.8E-1));
#1118=CARTESIAN_POINT('',(-5.5E0,-2.85E0,6.2E-1));
#1119=VERTEX_POINT('',#1117);
#1120=VERTEX_POINT('',#1118);
#1121=CARTESIAN_POINT('',(1.25E0,-1.05E0,-9.6E-1));
#1122=CARTESIAN_POINT('',(1.25E0,-1.05E0,-2.6E-1));
#1123=VERTEX_POINT('',#1121);
#1124=VERTEX_POINT('',#1122);
#1125=CARTESIAN_POINT('',(1.25E0,-2.85E0,-9.6E-1));
#1126=CARTESIAN_POINT('',(1.25E0,-2.85E0,-2.6E-1));
#1127=VERTEX_POINT('',#1125);
#1128=VERTEX_POINT('',#1126);
#1129=CARTESIAN_POINT('',(1.25E0,2.105E0,-9.6E-1));
#1130=VERTEX_POINT('',#1129);
#1131=CARTESIAN_POINT('',(1.25E0,-6.105E0,-9.6E-1));
#1132=VERTEX_POINT('',#1131);
#1133=CARTESIAN_POINT('',(1.25E0,2.105E0,-2.6E-1));
#1134=VERTEX_POINT('',#1133);
#1135=CARTESIAN_POINT('',(1.25E0,-6.105E0,-2.6E-1));
#1136=VERTEX_POINT('',#1135);
#1137=CARTESIAN_POINT('',(-1.25E0,-1.05E0,-9.6E-1));
#1138=CARTESIAN_POINT('',(-1.25E0,-1.05E0,-2.6E-1));
#1139=VERTEX_POINT('',#1137);
#1140=VERTEX_POINT('',#1138);
#1141=CARTESIAN_POINT('',(-1.25E0,-2.85E0,-9.6E-1));
#1142=CARTESIAN_POINT('',(-1.25E0,-2.85E0,-2.6E-1));
#1143=VERTEX_POINT('',#1141);
#1144=VERTEX_POINT('',#1142);
#1145=CARTESIAN_POINT('',(-1.25E0,2.105E0,-9.6E-1));
#1146=VERTEX_POINT('',#1145);
#1147=CARTESIAN_POINT('',(-1.25E0,-6.105E0,-9.6E-1));
#1148=VERTEX_POINT('',#1147);
#1149=CARTESIAN_POINT('',(-1.25E0,2.105E0,-2.6E-1));
#1150=VERTEX_POINT('',#1149);
#1151=CARTESIAN_POINT('',(-1.25E0,-6.105E0,-2.6E-1));
#1152=VERTEX_POINT('',#1151);
#1153=CARTESIAN_POINT('',(-3.75E0,-1.05E0,-9.6E-1));
#1154=CARTESIAN_POINT('',(-3.75E0,-1.05E0,-2.6E-1));
#1155=VERTEX_POINT('',#1153);
#1156=VERTEX_POINT('',#1154);
#1157=CARTESIAN_POINT('',(-3.75E0,-2.85E0,-9.6E-1));
#1158=CARTESIAN_POINT('',(-3.75E0,-2.85E0,-2.6E-1));
#1159=VERTEX_POINT('',#1157);
#1160=VERTEX_POINT('',#1158);
#1161=CARTESIAN_POINT('',(-3.75E0,2.105E0,-9.6E-1));
#1162=VERTEX_POINT('',#1161);
#1163=CARTESIAN_POINT('',(-3.75E0,-6.105E0,-9.6E-1));
#1164=VERTEX_POINT('',#1163);
#1165=CARTESIAN_POINT('',(-3.75E0,2.105E0,-2.6E-1));
#1166=VERTEX_POINT('',#1165);
#1167=CARTESIAN_POINT('',(-3.75E0,-6.105E0,-2.6E-1));
#1168=VERTEX_POINT('',#1167);
#1169=CARTESIAN_POINT('',(4.41E0,2.95E0,-1.98E0));
#1170=CARTESIAN_POINT('',(4.41E0,2.95E0,-1.730050506339E0));
#1171=VERTEX_POINT('',#1169);
#1172=VERTEX_POINT('',#1170);
#1173=CARTESIAN_POINT('',(-4.41E0,2.95E0,-1.730050506339E0));
#1174=CARTESIAN_POINT('',(-4.41E0,2.95E0,-1.98E0));
#1175=VERTEX_POINT('',#1173);
#1176=VERTEX_POINT('',#1174);
#1177=CARTESIAN_POINT('',(4.410015783316E0,2.700022096523E0,-1.730022096523E0));
#1178=VERTEX_POINT('',#1177);
#1179=CARTESIAN_POINT('',(-4.410025253169E0,2.700012626585E0,
-1.730025253169E0));
#1180=VERTEX_POINT('',#1179);
#1181=CARTESIAN_POINT('',(3.75E0,2.45E0,-6.15E-1));
#1182=VERTEX_POINT('',#1181);
#1183=CARTESIAN_POINT('',(3.75E0,-6.45E0,-6.15E-1));
#1184=VERTEX_POINT('',#1183);
#1185=CARTESIAN_POINT('',(3.75E0,2.45E0,-6.05E-1));
#1186=VERTEX_POINT('',#1185);
#1187=CARTESIAN_POINT('',(3.75E0,-6.45E0,-6.05E-1));
#1188=VERTEX_POINT('',#1187);
#1189=CARTESIAN_POINT('',(1.25E0,2.45E0,-6.15E-1));
#1190=VERTEX_POINT('',#1189);
#1191=CARTESIAN_POINT('',(1.25E0,-6.45E0,-6.15E-1));
#1192=VERTEX_POINT('',#1191);
#1193=CARTESIAN_POINT('',(1.25E0,2.45E0,-6.05E-1));
#1194=VERTEX_POINT('',#1193);
#1195=CARTESIAN_POINT('',(1.25E0,-6.45E0,-6.05E-1));
#1196=VERTEX_POINT('',#1195);
#1197=CARTESIAN_POINT('',(-1.25E0,2.45E0,-6.15E-1));
#1198=VERTEX_POINT('',#1197);
#1199=CARTESIAN_POINT('',(-1.25E0,-6.45E0,-6.15E-1));
#1200=VERTEX_POINT('',#1199);
#1201=CARTESIAN_POINT('',(-1.25E0,2.45E0,-6.05E-1));
#1202=VERTEX_POINT('',#1201);
#1203=CARTESIAN_POINT('',(-1.25E0,-6.45E0,-6.05E-1));
#1204=VERTEX_POINT('',#1203);
#1205=CARTESIAN_POINT('',(-3.75E0,2.45E0,-6.15E-1));
#1206=VERTEX_POINT('',#1205);
#1207=CARTESIAN_POINT('',(-3.75E0,-6.45E0,-6.15E-1));
#1208=VERTEX_POINT('',#1207);
#1209=CARTESIAN_POINT('',(-3.75E0,2.45E0,-6.05E-1));
#1210=VERTEX_POINT('',#1209);
#1211=CARTESIAN_POINT('',(-3.75E0,-6.45E0,-6.05E-1));
#1212=VERTEX_POINT('',#1211);
#1213=CARTESIAN_POINT('',(1.999999715467E0,2.7E0,-1.73E0));
#1214=CARTESIAN_POINT('',(2.999999178626E0,2.7E0,-1.73E0));
#1215=VERTEX_POINT('',#1213);
#1216=VERTEX_POINT('',#1214);
#1217=CARTESIAN_POINT('',(2.E0,-1.05E0,-1.73E0));
#1218=VERTEX_POINT('',#1217);
#1219=CARTESIAN_POINT('',(3.E0,-1.05E0,-1.73E0));
#1220=VERTEX_POINT('',#1219);
#1221=CARTESIAN_POINT('',(2.5E0,-1.05E0,-1.03E0));
#1222=VERTEX_POINT('',#1221);
#1223=CARTESIAN_POINT('',(2.5E0,2.7E0,-1.03E0));
#1224=VERTEX_POINT('',#1223);
#1225=CARTESIAN_POINT('',(-4.999988122588E-1,2.7E0,-1.73E0));
#1226=CARTESIAN_POINT('',(5.000006841914E-1,2.7E0,-1.73E0));
#1227=VERTEX_POINT('',#1225);
#1228=VERTEX_POINT('',#1226);
#1229=CARTESIAN_POINT('',(-5.E-1,-1.05E0,-1.73E0));
#1230=VERTEX_POINT('',#1229);
#1231=CARTESIAN_POINT('',(5.E-1,-1.05E0,-1.73E0));
#1232=VERTEX_POINT('',#1231);
#1233=CARTESIAN_POINT('',(0.E0,-1.05E0,-1.03E0));
#1234=VERTEX_POINT('',#1233);
#1235=CARTESIAN_POINT('',(0.E0,2.7E0,-1.03E0));
#1236=VERTEX_POINT('',#1235);
#1237=CARTESIAN_POINT('',(-2.999997874629E0,2.7E0,-1.73E0));
#1238=CARTESIAN_POINT('',(-1.999998606003E0,2.7E0,-1.73E0));
#1239=VERTEX_POINT('',#1237);
#1240=VERTEX_POINT('',#1238);
#1241=CARTESIAN_POINT('',(-3.E0,-1.05E0,-1.73E0));
#1242=VERTEX_POINT('',#1241);
#1243=CARTESIAN_POINT('',(-2.E0,-1.05E0,-1.73E0));
#1244=VERTEX_POINT('',#1243);
#1245=CARTESIAN_POINT('',(-2.5E0,-1.05E0,-1.03E0));
#1246=VERTEX_POINT('',#1245);
#1247=CARTESIAN_POINT('',(-2.5E0,2.7E0,-1.03E0));
#1248=VERTEX_POINT('',#1247);
#1249=CARTESIAN_POINT('',(-5.5E0,2.95E0,2.02E0));
#1250=CARTESIAN_POINT('',(5.5E0,2.95E0,2.02E0));
#1251=VERTEX_POINT('',#1249);
#1252=VERTEX_POINT('',#1250);
#1253=CARTESIAN_POINT('',(-5.5E0,2.7E0,1.77E0));
#1254=CARTESIAN_POINT('',(5.5E0,2.7E0,1.77E0));
#1255=VERTEX_POINT('',#1253);
#1256=VERTEX_POINT('',#1254);
#1257=CARTESIAN_POINT('',(0.E0,-2.95E0,0.E0));
#1258=DIRECTION('',(0.E0,1.E0,0.E0));
#1259=DIRECTION('',(1.E0,0.E0,0.E0));
#1260=AXIS2_PLACEMENT_3D('',#1257,#1258,#1259);
#1261=PLANE('',#1260);
#1263=ORIENTED_EDGE('',*,*,#1262,.T.);
#1265=ORIENTED_EDGE('',*,*,#1264,.T.);
#1267=ORIENTED_EDGE('',*,*,#1266,.T.);
#1269=ORIENTED_EDGE('',*,*,#1268,.T.);
#1270=EDGE_LOOP('',(#1263,#1265,#1267,#1269));
#1271=FACE_OUTER_BOUND('',#1270,.F.);
#1272=ADVANCED_FACE('',(#1271),#1261,.F.);
#1273=CARTESIAN_POINT('',(0.E0,-2.95E0,0.E0));
#1274=DIRECTION('',(0.E0,1.E0,0.E0));
#1275=DIRECTION('',(1.E0,0.E0,0.E0));
#1276=AXIS2_PLACEMENT_3D('',#1273,#1274,#1275);
#1277=PLANE('',#1276);
#1279=ORIENTED_EDGE('',*,*,#1278,.F.);
#1281=ORIENTED_EDGE('',*,*,#1280,.F.);
#1283=ORIENTED_EDGE('',*,*,#1282,.T.);
#1285=ORIENTED_EDGE('',*,*,#1284,.T.);
#1286=EDGE_LOOP('',(#1279,#1281,#1283,#1285));
#1287=FACE_OUTER_BOUND('',#1286,.F.);
#1288=ADVANCED_FACE('',(#1287),#1277,.F.);
#1289=CARTESIAN_POINT('',(6.2E0,-2.95E0,-1.58E0));
#1290=DIRECTION('',(0.E0,0.E0,-1.E0));
#1291=DIRECTION('',(0.E0,1.E0,0.E0));
#1292=AXIS2_PLACEMENT_3D('',#1289,#1290,#1291);
#1293=PLANE('',#1292);
#1294=ORIENTED_EDGE('',*,*,#1262,.F.);
#1296=ORIENTED_EDGE('',*,*,#1295,.T.);
#1298=ORIENTED_EDGE('',*,*,#1297,.F.);
#1300=ORIENTED_EDGE('',*,*,#1299,.F.);
#1301=EDGE_LOOP('',(#1294,#1296,#1298,#1300));
#1302=FACE_OUTER_BOUND('',#1301,.F.);
#1303=ADVANCED_FACE('',(#1302),#1293,.F.);
#1304=CARTESIAN_POINT('',(-4.7E0,-2.95E0,-2.43E0));
#1305=DIRECTION('',(-7.071067811865E-1,0.E0,-7.071067811865E-1));
#1306=DIRECTION('',(-7.071067811865E-1,0.E0,7.071067811865E-1));
#1307=AXIS2_PLACEMENT_3D('',#1304,#1305,#1306);
#1308=PLANE('',#1307);
#1309=ORIENTED_EDGE('',*,*,#1295,.F.);
#1310=ORIENTED_EDGE('',*,*,#1268,.F.);
#1312=ORIENTED_EDGE('',*,*,#1311,.T.);
#1314=ORIENTED_EDGE('',*,*,#1313,.T.);
#1316=ORIENTED_EDGE('',*,*,#1315,.F.);
#1318=ORIENTED_EDGE('',*,*,#1317,.T.);
#1319=EDGE_LOOP('',(#1309,#1310,#1312,#1314,#1316,#1318));
#1320=FACE_OUTER_BOUND('',#1319,.F.);
#1321=ADVANCED_FACE('',(#1320),#1308,.T.);
#1322=CARTESIAN_POINT('',(6.2E0,-2.95E0,-2.43E0));
#1323=DIRECTION('',(0.E0,0.E0,-1.E0));
#1324=DIRECTION('',(-1.E0,0.E0,0.E0));
#1325=AXIS2_PLACEMENT_3D('',#1322,#1323,#1324);
#1326=PLANE('',#1325);
#1327=ORIENTED_EDGE('',*,*,#1266,.F.);
#1329=ORIENTED_EDGE('',*,*,#1328,.T.);
#1331=ORIENTED_EDGE('',*,*,#1330,.T.);
#1332=ORIENTED_EDGE('',*,*,#1311,.F.);
#1333=EDGE_LOOP('',(#1327,#1329,#1331,#1332));
#1334=FACE_OUTER_BOUND('',#1333,.F.);
#1335=ADVANCED_FACE('',(#1334),#1326,.T.);
#1336=CARTESIAN_POINT('',(6.2E0,-2.95E0,2.47E0));
#1337=DIRECTION('',(1.E0,0.E0,0.E0));
#1338=DIRECTION('',(0.E0,0.E0,-1.E0));
#1339=AXIS2_PLACEMENT_3D('',#1336,#1337,#1338);
#1340=PLANE('',#1339);
#1342=ORIENTED_EDGE('',*,*,#1341,.T.);
#1344=ORIENTED_EDGE('',*,*,#1343,.T.);
#1346=ORIENTED_EDGE('',*,*,#1345,.F.);
#1348=ORIENTED_EDGE('',*,*,#1347,.T.);
#1350=ORIENTED_EDGE('',*,*,#1349,.T.);
#1351=EDGE_LOOP('',(#1342,#1344,#1346,#1348,#1350));
#1352=FACE_OUTER_BOUND('',#1351,.F.);
#1353=ADVANCED_FACE('',(#1352),#1340,.T.);
#1354=CARTESIAN_POINT('',(6.2E0,-2.95E0,2.47E0));
#1355=DIRECTION('',(1.E0,0.E0,0.E0));
#1356=DIRECTION('',(0.E0,0.E0,-1.E0));
#1357=AXIS2_PLACEMENT_3D('',#1354,#1355,#1356);
#1358=PLANE('',#1357);
#1359=ORIENTED_EDGE('',*,*,#1299,.T.);
#1361=ORIENTED_EDGE('',*,*,#1360,.T.);
#1363=ORIENTED_EDGE('',*,*,#1362,.T.);
#1365=ORIENTED_EDGE('',*,*,#1364,.T.);
#1367=ORIENTED_EDGE('',*,*,#1366,.T.);
#1369=ORIENTED_EDGE('',*,*,#1368,.T.);
#1371=ORIENTED_EDGE('',*,*,#1370,.T.);
#1372=ORIENTED_EDGE('',*,*,#1328,.F.);
#1373=ORIENTED_EDGE('',*,*,#1264,.F.);
#1374=EDGE_LOOP('',(#1359,#1361,#1363,#1365,#1367,#1369,#1371,#1372,#1373));
#1375=FACE_OUTER_BOUND('',#1374,.F.);
#1376=ADVANCED_FACE('',(#1375),#1358,.T.);
#1377=CARTESIAN_POINT('',(6.2E0,2.95E0,1.749998410040E0));
#1378=DIRECTION('',(0.E0,-7.615383075367E-1,6.481199010631E-1));
#1379=DIRECTION('',(0.E0,-6.481199010631E-1,-7.615383075367E-1));
#1380=AXIS2_PLACEMENT_3D('',#1377,#1378,#1379);
#1381=PLANE('',#1380);
#1383=ORIENTED_EDGE('',*,*,#1382,.T.);
#1385=ORIENTED_EDGE('',*,*,#1384,.T.);
#1387=ORIENTED_EDGE('',*,*,#1386,.F.);
#1388=ORIENTED_EDGE('',*,*,#1341,.F.);
#1389=EDGE_LOOP('',(#1383,#1385,#1387,#1388));
#1390=FACE_OUTER_BOUND('',#1389,.F.);
#1391=ADVANCED_FACE('',(#1390),#1381,.F.);
#1392=CARTESIAN_POINT('',(0.E0,2.95E0,0.E0));
#1393=DIRECTION('',(0.E0,1.E0,0.E0));
#1394=DIRECTION('',(1.E0,0.E0,0.E0));
#1395=AXIS2_PLACEMENT_3D('',#1392,#1393,#1394);
#1396=PLANE('',#1395);
#1398=ORIENTED_EDGE('',*,*,#1397,.T.);
#1400=ORIENTED_EDGE('',*,*,#1399,.T.);
#1402=ORIENTED_EDGE('',*,*,#1401,.T.);
#1404=ORIENTED_EDGE('',*,*,#1403,.T.);
#1405=ORIENTED_EDGE('',*,*,#1382,.F.);
#1406=ORIENTED_EDGE('',*,*,#1349,.F.);
#1408=ORIENTED_EDGE('',*,*,#1407,.F.);
#1410=ORIENTED_EDGE('',*,*,#1409,.F.);
#1411=EDGE_LOOP('',(#1398,#1400,#1402,#1404,#1405,#1406,#1408,#1410));
#1412=FACE_OUTER_BOUND('',#1411,.F.);
#1413=ADVANCED_FACE('',(#1412),#1396,.T.);
#1414=CARTESIAN_POINT('',(0.E0,2.95E0,0.E0));
#1415=DIRECTION('',(0.E0,1.E0,0.E0));
#1416=DIRECTION('',(1.E0,0.E0,0.E0));
#1417=AXIS2_PLACEMENT_3D('',#1414,#1415,#1416);
#1418=PLANE('',#1417);
#1420=ORIENTED_EDGE('',*,*,#1419,.F.);
#1422=ORIENTED_EDGE('',*,*,#1421,.F.);
#1424=ORIENTED_EDGE('',*,*,#1423,.F.);
#1426=ORIENTED_EDGE('',*,*,#1425,.T.);
#1428=ORIENTED_EDGE('',*,*,#1427,.T.);
#1430=ORIENTED_EDGE('',*,*,#1429,.F.);
#1432=ORIENTED_EDGE('',*,*,#1431,.F.);
#1433=ORIENTED_EDGE('',*,*,#1313,.F.);
#1434=ORIENTED_EDGE('',*,*,#1330,.F.);
#1435=ORIENTED_EDGE('',*,*,#1370,.F.);
#1437=ORIENTED_EDGE('',*,*,#1436,.T.);
#1439=ORIENTED_EDGE('',*,*,#1438,.T.);
#1441=ORIENTED_EDGE('',*,*,#1440,.T.);
#1442=EDGE_LOOP('',(#1420,#1422,#1424,#1426,#1428,#1430,#1432,#1433,#1434,#1435,
#1437,#1439,#1441));
#1443=FACE_OUTER_BOUND('',#1442,.F.);
#1444=ADVANCED_FACE('',(#1443),#1418,.T.);
#1445=CARTESIAN_POINT('',(-6.2E0,2.95E0,1.749998410040E0));
#1446=DIRECTION('',(0.E0,7.615383075367E-1,-6.481199010631E-1));
#1447=DIRECTION('',(0.E0,-6.481199010631E-1,-7.615383075367E-1));
#1448=AXIS2_PLACEMENT_3D('',#1445,#1446,#1447);
#1449=PLANE('',#1448);
#1450=ORIENTED_EDGE('',*,*,#1397,.F.);
#1452=ORIENTED_EDGE('',*,*,#1451,.T.);
#1454=ORIENTED_EDGE('',*,*,#1453,.T.);
#1456=ORIENTED_EDGE('',*,*,#1455,.F.);
#1457=EDGE_LOOP('',(#1450,#1452,#1454,#1456));
#1458=FACE_OUTER_BOUND('',#1457,.F.);
#1459=ADVANCED_FACE('',(#1458),#1449,.T.);
#1460=CARTESIAN_POINT('',(-6.2E0,-2.95E0,-9.3E-1));
#1461=DIRECTION('',(-1.E0,0.E0,0.E0));
#1462=DIRECTION('',(0.E0,0.E0,1.E0));
#1463=AXIS2_PLACEMENT_3D('',#1460,#1461,#1462);
#1464=PLANE('',#1463);
#1465=ORIENTED_EDGE('',*,*,#1451,.F.);
#1466=ORIENTED_EDGE('',*,*,#1409,.T.);
#1468=ORIENTED_EDGE('',*,*,#1467,.F.);
#1470=ORIENTED_EDGE('',*,*,#1469,.T.);
#1472=ORIENTED_EDGE('',*,*,#1471,.F.);
#1473=EDGE_LOOP('',(#1465,#1466,#1468,#1470,#1472));
#1474=FACE_OUTER_BOUND('',#1473,.F.);
#1475=ADVANCED_FACE('',(#1474),#1464,.T.);
#1476=CARTESIAN_POINT('',(-6.2E0,-2.95E0,-9.3E-1));
#1477=DIRECTION('',(-1.E0,0.E0,0.E0));
#1478=DIRECTION('',(0.E0,0.E0,1.E0));
#1479=AXIS2_PLACEMENT_3D('',#1476,#1477,#1478);
#1480=PLANE('',#1479);
#1482=ORIENTED_EDGE('',*,*,#1481,.F.);
#1483=ORIENTED_EDGE('',*,*,#1315,.T.);
#1484=ORIENTED_EDGE('',*,*,#1431,.T.);
#1486=ORIENTED_EDGE('',*,*,#1485,.F.);
#1488=ORIENTED_EDGE('',*,*,#1487,.F.);
#1490=ORIENTED_EDGE('',*,*,#1489,.F.);
#1492=ORIENTED_EDGE('',*,*,#1491,.F.);
#1493=EDGE_LOOP('',(#1482,#1483,#1484,#1486,#1488,#1490,#1492));
#1494=FACE_OUTER_BOUND('',#1493,.F.);
#1495=ADVANCED_FACE('',(#1494),#1480,.T.);
#1496=CARTESIAN_POINT('',(-6.2E0,-2.95E0,2.47E0));
#1497=DIRECTION('',(0.E0,0.E0,1.E0));
#1498=DIRECTION('',(1.E0,0.E0,0.E0));
#1499=AXIS2_PLACEMENT_3D('',#1496,#1497,#1498);
#1500=PLANE('',#1499);
#1502=ORIENTED_EDGE('',*,*,#1501,.F.);
#1503=ORIENTED_EDGE('',*,*,#1467,.T.);
#1504=ORIENTED_EDGE('',*,*,#1407,.T.);
#1505=ORIENTED_EDGE('',*,*,#1347,.F.);
#1506=EDGE_LOOP('',(#1502,#1503,#1504,#1505));
#1507=FACE_OUTER_BOUND('',#1506,.F.);
#1508=ADVANCED_FACE('',(#1507),#1500,.T.);
#1509=CARTESIAN_POINT('',(6.2E0,-1.95E0,1.28E0));
#1510=DIRECTION('',(0.E0,1.E0,0.E0));
#1511=DIRECTION('',(0.E0,0.E0,1.E0));
#1512=AXIS2_PLACEMENT_3D('',#1509,#1510,#1511);
#1513=PLANE('',#1512);
#1515=ORIENTED_EDGE('',*,*,#1514,.T.);
#1517=ORIENTED_EDGE('',*,*,#1516,.F.);
#1519=ORIENTED_EDGE('',*,*,#1518,.F.);
#1520=ORIENTED_EDGE('',*,*,#1469,.F.);
#1521=ORIENTED_EDGE('',*,*,#1501,.T.);
#1522=ORIENTED_EDGE('',*,*,#1345,.T.);
#1524=ORIENTED_EDGE('',*,*,#1523,.T.);
#1526=ORIENTED_EDGE('',*,*,#1525,.T.);
#1527=EDGE_LOOP('',(#1515,#1517,#1519,#1520,#1521,#1522,#1524,#1526));
#1528=FACE_OUTER_BOUND('',#1527,.F.);
#1529=ADVANCED_FACE('',(#1528),#1513,.F.);
#1530=CARTESIAN_POINT('',(-6.2E0,-2.95E0,1.47E0));
#1531=DIRECTION('',(0.E0,0.E0,1.E0));
#1532=DIRECTION('',(1.E0,0.E0,0.E0));
#1533=AXIS2_PLACEMENT_3D('',#1530,#1531,#1532);
#1534=PLANE('',#1533);
#1535=ORIENTED_EDGE('',*,*,#1282,.F.);
#1537=ORIENTED_EDGE('',*,*,#1536,.T.);
#1538=ORIENTED_EDGE('',*,*,#1514,.F.);
#1540=ORIENTED_EDGE('',*,*,#1539,.F.);
#1541=EDGE_LOOP('',(#1535,#1537,#1538,#1540));
#1542=FACE_OUTER_BOUND('',#1541,.F.);
#1543=ADVANCED_FACE('',(#1542),#1534,.T.);
#1544=CARTESIAN_POINT('',(-5.5E0,-2.95E0,2.47E0));
#1545=DIRECTION('',(1.E0,0.E0,0.E0));
#1546=DIRECTION('',(0.E0,0.E0,-1.E0));
#1547=AXIS2_PLACEMENT_3D('',#1544,#1545,#1546);
#1548=PLANE('',#1547);
#1550=ORIENTED_EDGE('',*,*,#1549,.F.);
#1552=ORIENTED_EDGE('',*,*,#1551,.T.);
#1554=ORIENTED_EDGE('',*,*,#1553,.F.);
#1556=ORIENTED_EDGE('',*,*,#1555,.T.);
#1557=ORIENTED_EDGE('',*,*,#1516,.T.);
#1558=ORIENTED_EDGE('',*,*,#1536,.F.);
#1559=ORIENTED_EDGE('',*,*,#1280,.T.);
#1561=ORIENTED_EDGE('',*,*,#1560,.T.);
#1562=EDGE_LOOP('',(#1550,#1552,#1554,#1556,#1557,#1558,#1559,#1561));
#1563=FACE_OUTER_BOUND('',#1562,.F.);
#1564=ADVANCED_FACE('',(#1563),#1548,.F.);
#1565=CARTESIAN_POINT('',(6.2E0,-2.85E0,-1.58E0));
#1566=DIRECTION('',(0.E0,1.E0,0.E0));
#1567=DIRECTION('',(0.E0,0.E0,1.E0));
#1568=AXIS2_PLACEMENT_3D('',#1565,#1566,#1567);
#1569=PLANE('',#1568);
#1570=ORIENTED_EDGE('',*,*,#1481,.T.);
#1572=ORIENTED_EDGE('',*,*,#1571,.F.);
#1573=ORIENTED_EDGE('',*,*,#1549,.T.);
#1575=ORIENTED_EDGE('',*,*,#1574,.F.);
#1577=ORIENTED_EDGE('',*,*,#1576,.F.);
#1579=ORIENTED_EDGE('',*,*,#1578,.T.);
#1580=ORIENTED_EDGE('',*,*,#1360,.F.);
#1581=ORIENTED_EDGE('',*,*,#1297,.T.);
#1582=ORIENTED_EDGE('',*,*,#1317,.F.);
#1583=EDGE_LOOP('',(#1570,#1572,#1573,#1575,#1577,#1579,#1580,#1581,#1582));
#1584=FACE_OUTER_BOUND('',#1583,.F.);
#1586=ORIENTED_EDGE('',*,*,#1585,.T.);
#1588=ORIENTED_EDGE('',*,*,#1587,.T.);
#1589=EDGE_LOOP('',(#1586,#1588));
#1590=FACE_BOUND('',#1589,.F.);
#1592=ORIENTED_EDGE('',*,*,#1591,.T.);
#1594=ORIENTED_EDGE('',*,*,#1593,.T.);
#1595=EDGE_LOOP('',(#1592,#1594));
#1596=FACE_BOUND('',#1595,.F.);
#1598=ORIENTED_EDGE('',*,*,#1597,.T.);
#1600=ORIENTED_EDGE('',*,*,#1599,.T.);
#1601=EDGE_LOOP('',(#1598,#1600));
#1602=FACE_BOUND('',#1601,.F.);
#1604=ORIENTED_EDGE('',*,*,#1603,.T.);
#1606=ORIENTED_EDGE('',*,*,#1605,.T.);
#1607=EDGE_LOOP('',(#1604,#1606));
#1608=FACE_BOUND('',#1607,.F.);
#1609=ADVANCED_FACE('',(#1584,#1590,#1596,#1602,#1608),#1569,.F.);
#1610=CARTESIAN_POINT('',(-6.2E0,-2.95E0,1.8E-1));
#1611=DIRECTION('',(0.E0,0.E0,1.E0));
#1612=DIRECTION('',(0.E0,1.E0,0.E0));
#1613=AXIS2_PLACEMENT_3D('',#1610,#1611,#1612);
#1614=PLANE('',#1613);
#1615=ORIENTED_EDGE('',*,*,#1571,.T.);
#1616=ORIENTED_EDGE('',*,*,#1491,.T.);
#1618=ORIENTED_EDGE('',*,*,#1617,.T.);
#1620=ORIENTED_EDGE('',*,*,#1619,.F.);
#1621=ORIENTED_EDGE('',*,*,#1551,.F.);
#1622=EDGE_LOOP('',(#1615,#1616,#1618,#1620,#1621));
#1623=FACE_OUTER_BOUND('',#1622,.F.);
#1624=ADVANCED_FACE('',(#1623),#1614,.T.);
#1625=CARTESIAN_POINT('',(-6.2E0,2.05E0,1.8E-1));
#1626=DIRECTION('',(0.E0,-1.E0,0.E0));
#1627=DIRECTION('',(0.E0,0.E0,1.E0));
#1628=AXIS2_PLACEMENT_3D('',#1625,#1626,#1627);
#1629=PLANE('',#1628);
#1630=ORIENTED_EDGE('',*,*,#1489,.T.);
#1632=ORIENTED_EDGE('',*,*,#1631,.T.);
#1634=ORIENTED_EDGE('',*,*,#1633,.F.);
#1635=ORIENTED_EDGE('',*,*,#1617,.F.);
#1636=EDGE_LOOP('',(#1630,#1632,#1634,#1635));
#1637=FACE_OUTER_BOUND('',#1636,.F.);
#1638=ADVANCED_FACE('',(#1637),#1629,.T.);
#1639=CARTESIAN_POINT('',(-6.2E0,2.05E0,5.8E-1));
#1640=DIRECTION('',(0.E0,0.E0,1.E0));
#1641=DIRECTION('',(0.E0,1.E0,0.E0));
#1642=AXIS2_PLACEMENT_3D('',#1639,#1640,#1641);
#1643=PLANE('',#1642);
#1644=ORIENTED_EDGE('',*,*,#1487,.T.);
#1646=ORIENTED_EDGE('',*,*,#1645,.T.);
#1648=ORIENTED_EDGE('',*,*,#1647,.F.);
#1649=ORIENTED_EDGE('',*,*,#1631,.F.);
#1650=EDGE_LOOP('',(#1644,#1646,#1648,#1649));
#1651=FACE_OUTER_BOUND('',#1650,.F.);
#1652=ADVANCED_FACE('',(#1651),#1643,.T.);
#1653=CARTESIAN_POINT('',(-6.2E0,2.55E0,5.8E-1));
#1654=DIRECTION('',(0.E0,7.660444431190E-1,6.427876096865E-1));
#1655=DIRECTION('',(0.E0,6.427876096865E-1,-7.660444431190E-1));
#1656=AXIS2_PLACEMENT_3D('',#1653,#1654,#1655);
#1657=PLANE('',#1656);
#1658=ORIENTED_EDGE('',*,*,#1429,.T.);
#1660=ORIENTED_EDGE('',*,*,#1659,.F.);
#1661=ORIENTED_EDGE('',*,*,#1645,.F.);
#1662=ORIENTED_EDGE('',*,*,#1485,.T.);
#1663=EDGE_LOOP('',(#1658,#1660,#1661,#1662));
#1664=FACE_OUTER_BOUND('',#1663,.F.);
#1665=ADVANCED_FACE('',(#1664),#1657,.T.);
#1666=CARTESIAN_POINT('',(-5.5E0,2.95E0,-6.400505063388E-1));
#1667=DIRECTION('',(-1.E0,0.E0,0.E0));
#1668=DIRECTION('',(0.E0,0.E0,1.E0));
#1669=AXIS2_PLACEMENT_3D('',#1666,#1667,#1668);
#1670=PLANE('',#1669);
#1671=ORIENTED_EDGE('',*,*,#1455,.T.);
#1673=ORIENTED_EDGE('',*,*,#1672,.F.);
#1675=ORIENTED_EDGE('',*,*,#1674,.T.);
#1677=ORIENTED_EDGE('',*,*,#1676,.F.);
#1679=ORIENTED_EDGE('',*,*,#1678,.F.);
#1680=ORIENTED_EDGE('',*,*,#1399,.F.);
#1681=EDGE_LOOP('',(#1671,#1673,#1675,#1677,#1679,#1680));
#1682=FACE_OUTER_BOUND('',#1681,.F.);
#1683=ADVANCED_FACE('',(#1682),#1670,.F.);
#1684=CARTESIAN_POINT('',(-5.5E0,2.95E0,-6.400505063388E-1));
#1685=DIRECTION('',(-1.E0,0.E0,0.E0));
#1686=DIRECTION('',(0.E0,0.E0,1.E0));
#1687=AXIS2_PLACEMENT_3D('',#1684,#1685,#1686);
#1688=PLANE('',#1687);
#1689=ORIENTED_EDGE('',*,*,#1619,.T.);
#1690=ORIENTED_EDGE('',*,*,#1633,.T.);
#1691=ORIENTED_EDGE('',*,*,#1647,.T.);
#1692=ORIENTED_EDGE('',*,*,#1659,.T.);
#1693=ORIENTED_EDGE('',*,*,#1427,.F.);
#1695=ORIENTED_EDGE('',*,*,#1694,.T.);
#1697=ORIENTED_EDGE('',*,*,#1696,.T.);
#1698=EDGE_LOOP('',(#1689,#1690,#1691,#1692,#1693,#1695,#1697));
#1699=FACE_OUTER_BOUND('',#1698,.F.);
#1700=ADVANCED_FACE('',(#1699),#1688,.F.);
#1701=CARTESIAN_POINT('',(-6.2E0,2.55E0,1.28E0));
#1702=DIRECTION('',(0.E0,0.E0,-1.E0));
#1703=DIRECTION('',(0.E0,-1.E0,0.E0));
#1704=AXIS2_PLACEMENT_3D('',#1701,#1702,#1703);
#1705=PLANE('',#1704);
#1706=ORIENTED_EDGE('',*,*,#1471,.T.);
#1707=ORIENTED_EDGE('',*,*,#1518,.T.);
#1708=ORIENTED_EDGE('',*,*,#1555,.F.);
#1709=ORIENTED_EDGE('',*,*,#1672,.T.);
#1710=ORIENTED_EDGE('',*,*,#1453,.F.);
#1711=EDGE_LOOP('',(#1706,#1707,#1708,#1709,#1710));
#1712=FACE_OUTER_BOUND('',#1711,.F.);
#1713=ADVANCED_FACE('',(#1712),#1705,.T.);
#1714=CARTESIAN_POINT('',(0.E0,-1.05E0,0.E0));
#1715=DIRECTION('',(0.E0,-1.E0,0.E0));
#1716=DIRECTION('',(-1.E0,0.E0,0.E0));
#1717=AXIS2_PLACEMENT_3D('',#1714,#1715,#1716);
#1718=PLANE('',#1717);
#1720=ORIENTED_EDGE('',*,*,#1719,.T.);
#1722=ORIENTED_EDGE('',*,*,#1721,.T.);
#1724=ORIENTED_EDGE('',*,*,#1723,.F.);
#1726=ORIENTED_EDGE('',*,*,#1725,.T.);
#1728=ORIENTED_EDGE('',*,*,#1727,.T.);
#1730=ORIENTED_EDGE('',*,*,#1729,.F.);
#1732=ORIENTED_EDGE('',*,*,#1731,.T.);
#1734=ORIENTED_EDGE('',*,*,#1733,.T.);
#1736=ORIENTED_EDGE('',*,*,#1735,.F.);
#1738=ORIENTED_EDGE('',*,*,#1737,.F.);
#1740=ORIENTED_EDGE('',*,*,#1739,.F.);
#1742=ORIENTED_EDGE('',*,*,#1741,.F.);
#1744=ORIENTED_EDGE('',*,*,#1743,.F.);
#1746=ORIENTED_EDGE('',*,*,#1745,.F.);
#1747=ORIENTED_EDGE('',*,*,#1674,.F.);
#1748=ORIENTED_EDGE('',*,*,#1553,.T.);
#1749=ORIENTED_EDGE('',*,*,#1696,.F.);
#1751=ORIENTED_EDGE('',*,*,#1750,.F.);
#1753=ORIENTED_EDGE('',*,*,#1752,.F.);
#1754=EDGE_LOOP('',(#1720,#1722,#1724,#1726,#1728,#1730,#1732,#1734,#1736,#1738,
#1740,#1742,#1744,#1746,#1747,#1748,#1749,#1751,#1753));
#1755=FACE_OUTER_BOUND('',#1754,.F.);
#1757=ORIENTED_EDGE('',*,*,#1756,.F.);
#1759=ORIENTED_EDGE('',*,*,#1758,.F.);
#1760=EDGE_LOOP('',(#1757,#1759));
#1761=FACE_BOUND('',#1760,.F.);
#1763=ORIENTED_EDGE('',*,*,#1762,.F.);
#1765=ORIENTED_EDGE('',*,*,#1764,.F.);
#1766=EDGE_LOOP('',(#1763,#1765));
#1767=FACE_BOUND('',#1766,.F.);
#1769=ORIENTED_EDGE('',*,*,#1768,.F.);
#1771=ORIENTED_EDGE('',*,*,#1770,.F.);
#1772=EDGE_LOOP('',(#1769,#1771));
#1773=FACE_BOUND('',#1772,.F.);
#1775=ORIENTED_EDGE('',*,*,#1774,.F.);
#1777=ORIENTED_EDGE('',*,*,#1776,.F.);
#1778=EDGE_LOOP('',(#1775,#1777));
#1779=FACE_BOUND('',#1778,.F.);
#1780=ADVANCED_FACE('',(#1755,#1761,#1767,#1773,#1779),#1718,.F.);
#1781=CARTESIAN_POINT('',(3.75E0,2.895E0,-6.1E-1));
#1782=DIRECTION('',(0.E0,-1.E0,0.E0));
#1783=DIRECTION('',(0.E0,0.E0,1.E0));
#1784=AXIS2_PLACEMENT_3D('',#1781,#1782,#1783);
#1785=CYLINDRICAL_SURFACE('',#1784,3.5E-1);
#1786=ORIENTED_EDGE('',*,*,#1756,.T.);
#1788=ORIENTED_EDGE('',*,*,#1787,.T.);
#1790=ORIENTED_EDGE('',*,*,#1789,.F.);
#1792=ORIENTED_EDGE('',*,*,#1791,.F.);
#1793=EDGE_LOOP('',(#1786,#1788,#1790,#1792));
#1794=FACE_OUTER_BOUND('',#1793,.F.);
#1795=ADVANCED_FACE('',(#1794),#1785,.T.);
#1796=CARTESIAN_POINT('',(3.75E0,2.895E0,-6.1E-1));
#1797=DIRECTION('',(0.E0,-1.E0,0.E0));
#1798=DIRECTION('',(0.E0,0.E0,1.E0));
#1799=AXIS2_PLACEMENT_3D('',#1796,#1797,#1798);
#1800=CYLINDRICAL_SURFACE('',#1799,3.5E-1);
#1801=ORIENTED_EDGE('',*,*,#1758,.T.);
#1802=ORIENTED_EDGE('',*,*,#1791,.T.);
#1804=ORIENTED_EDGE('',*,*,#1803,.T.);
#1805=ORIENTED_EDGE('',*,*,#1787,.F.);
#1806=EDGE_LOOP('',(#1801,#1802,#1804,#1805));
#1807=FACE_OUTER_BOUND('',#1806,.F.);
#1808=ADVANCED_FACE('',(#1807),#1800,.T.);
#1809=CARTESIAN_POINT('',(3.75E0,2.45E0,-6.05E-1));
#1810=CARTESIAN_POINT('',(3.75E0,2.45E0,-4.029036790187E-1));
#1811=CARTESIAN_POINT('',(3.75E0,2.307096320981E0,-2.6E-1));
#1812=CARTESIAN_POINT('',(3.75E0,2.105E0,-2.6E-1));
#1813=CARTESIAN_POINT('',(3.74E0,2.45E0,-6.05E-1));
#1814=CARTESIAN_POINT('',(3.335807358037E0,2.45E0,-4.029036790187E-1));
#1815=CARTESIAN_POINT('',(3.05E0,2.307096320981E0,-2.6E-1));
#1816=CARTESIAN_POINT('',(3.05E0,2.105E0,-2.6E-1));
#1817=CARTESIAN_POINT('',(3.74E0,2.45E0,-6.15E-1));
#1818=CARTESIAN_POINT('',(3.335807358037E0,2.45E0,-8.170963209813E-1));
#1819=CARTESIAN_POINT('',(3.05E0,2.307096320981E0,-9.6E-1));
#1820=CARTESIAN_POINT('',(3.05E0,2.105E0,-9.6E-1));
#1821=CARTESIAN_POINT('',(3.75E0,2.45E0,-6.15E-1));
#1822=CARTESIAN_POINT('',(3.75E0,2.45E0,-8.170963209813E-1));
#1823=CARTESIAN_POINT('',(3.75E0,2.307096320981E0,-9.6E-1));
#1824=CARTESIAN_POINT('',(3.75E0,2.105E0,-9.6E-1));
#1825=(BOUNDED_SURFACE()B_SPLINE_SURFACE(3,3,((#1809,#1810,#1811,#1812),(#1813,
#1814,#1815,#1816),(#1817,#1818,#1819,#1820),(#1821,#1822,#1823,#1824)),
.UNSPECIFIED.,.U.,.U.,.F.)B_SPLINE_SURFACE_WITH_KNOTS((4,4),(4,4),(0.E0,1.E0),
(0.E0,1.E0),.UNSPECIFIED.)GEOMETRIC_REPRESENTATION_ITEM()RATIONAL_B_SPLINE_SURFACE(((2.343145750508E0,1.885618083164E0,1.885618083164E0,2.343145750508E0),
(7.810485835025E-1,6.285393610547E-1,6.285393610547E-1,7.810485835025E-1),
(7.810485835025E-1,6.285393610547E-1,6.285393610547E-1,7.810485835025E-1),
(2.343145750508E0,1.885618083164E0,1.885618083164E0,2.343145750508E0)))REPRESENTATION_ITEM('')SURFACE());
#1827=ORIENTED_EDGE('',*,*,#1826,.T.);
#1829=ORIENTED_EDGE('',*,*,#1828,.T.);
#1831=ORIENTED_EDGE('',*,*,#1830,.F.);
#1832=ORIENTED_EDGE('',*,*,#1803,.F.);
#1833=EDGE_LOOP('',(#1827,#1829,#1831,#1832));
#1834=FACE_OUTER_BOUND('',#1833,.F.);
#1835=ADVANCED_FACE('',(#1834),#1825,.T.);
#1836=CARTESIAN_POINT('',(3.75E0,2.45E0,-6.15E-1));
#1837=CARTESIAN_POINT('',(3.75E0,2.45E0,-8.170963209813E-1));
#1838=CARTESIAN_POINT('',(3.75E0,2.307096320981E0,-9.6E-1));
#1839=CARTESIAN_POINT('',(3.75E0,2.105E0,-9.6E-1));
#1840=CARTESIAN_POINT('',(3.76E0,2.45E0,-6.15E-1));
#1841=CARTESIAN_POINT('',(4.164192641963E0,2.45E0,-8.170963209813E-1));
#1842=CARTESIAN_POINT('',(4.45E0,2.307096320981E0,-9.6E-1));
#1843=CARTESIAN_POINT('',(4.45E0,2.105E0,-9.6E-1));
#1844=CARTESIAN_POINT('',(3.76E0,2.45E0,-6.05E-1));
#1845=CARTESIAN_POINT('',(4.164192641963E0,2.45E0,-4.029036790187E-1));
#1846=CARTESIAN_POINT('',(4.45E0,2.307096320981E0,-2.6E-1));
#1847=CARTESIAN_POINT('',(4.45E0,2.105E0,-2.6E-1));
#1848=CARTESIAN_POINT('',(3.75E0,2.45E0,-6.05E-1));
#1849=CARTESIAN_POINT('',(3.75E0,2.45E0,-4.029036790187E-1));
#1850=CARTESIAN_POINT('',(3.75E0,2.307096320981E0,-2.6E-1));
#1851=CARTESIAN_POINT('',(3.75E0,2.105E0,-2.6E-1));
#1852=(BOUNDED_SURFACE()B_SPLINE_SURFACE(3,3,((#1836,#1837,#1838,#1839),(#1840,
#1841,#1842,#1843),(#1844,#1845,#1846,#1847),(#1848,#1849,#1850,#1851)),
.UNSPECIFIED.,.U.,.U.,.F.)B_SPLINE_SURFACE_WITH_KNOTS((4,4),(4,4),(0.E0,1.E0),
(0.E0,1.E0),.UNSPECIFIED.)GEOMETRIC_REPRESENTATION_ITEM()RATIONAL_B_SPLINE_SURFACE(((2.343145750508E0,1.885618083164E0,1.885618083164E0,2.343145750508E0),
(7.810485835025E-1,6.285393610547E-1,6.285393610547E-1,7.810485835025E-1),
(7.810485835025E-1,6.285393610547E-1,6.285393610547E-1,7.810485835025E-1),
(2.343145750508E0,1.885618083164E0,1.885618083164E0,2.343145750508E0)))REPRESENTATION_ITEM('')SURFACE());
#1853=ORIENTED_EDGE('',*,*,#1826,.F.);
#1854=ORIENTED_EDGE('',*,*,#1789,.T.);
#1855=ORIENTED_EDGE('',*,*,#1830,.T.);
#1857=ORIENTED_EDGE('',*,*,#1856,.F.);
#1858=EDGE_LOOP('',(#1853,#1854,#1855,#1857));
#1859=FACE_OUTER_BOUND('',#1858,.F.);
#1860=ADVANCED_FACE('',(#1859),#1852,.T.);
#1861=CARTESIAN_POINT('',(3.75E0,2.45E0,-6.1E-1));
#1862=DIRECTION('',(0.E0,-1.E0,0.E0));
#1863=DIRECTION('',(0.E0,0.E0,1.E0));
#1864=AXIS2_PLACEMENT_3D('',#1861,#1862,#1863);
#1865=PLANE('',#1864);
#1866=ORIENTED_EDGE('',*,*,#1828,.F.);
#1867=ORIENTED_EDGE('',*,*,#1856,.T.);
#1868=EDGE_LOOP('',(#1866,#1867));
#1869=FACE_OUTER_BOUND('',#1868,.F.);
#1870=ADVANCED_FACE('',(#1869),#1865,.F.);
#1871=CARTESIAN_POINT('',(1.25E0,2.895E0,-6.1E-1));
#1872=DIRECTION('',(0.E0,-1.E0,0.E0));
#1873=DIRECTION('',(0.E0,0.E0,1.E0));
#1874=AXIS2_PLACEMENT_3D('',#1871,#1872,#1873);
#1875=CYLINDRICAL_SURFACE('',#1874,3.5E-1);
#1876=ORIENTED_EDGE('',*,*,#1762,.T.);
#1878=ORIENTED_EDGE('',*,*,#1877,.T.);
#1880=ORIENTED_EDGE('',*,*,#1879,.F.);
#1882=ORIENTED_EDGE('',*,*,#1881,.F.);
#1883=EDGE_LOOP('',(#1876,#1878,#1880,#1882));
#1884=FACE_OUTER_BOUND('',#1883,.F.);
#1885=ADVANCED_FACE('',(#1884),#1875,.T.);
#1886=CARTESIAN_POINT('',(1.25E0,2.895E0,-6.1E-1));
#1887=DIRECTION('',(0.E0,-1.E0,0.E0));
#1888=DIRECTION('',(0.E0,0.E0,1.E0));
#1889=AXIS2_PLACEMENT_3D('',#1886,#1887,#1888);
#1890=CYLINDRICAL_SURFACE('',#1889,3.5E-1);
#1891=ORIENTED_EDGE('',*,*,#1764,.T.);
#1892=ORIENTED_EDGE('',*,*,#1881,.T.);
#1894=ORIENTED_EDGE('',*,*,#1893,.T.);
#1895=ORIENTED_EDGE('',*,*,#1877,.F.);
#1896=EDGE_LOOP('',(#1891,#1892,#1894,#1895));
#1897=FACE_OUTER_BOUND('',#1896,.F.);
#1898=ADVANCED_FACE('',(#1897),#1890,.T.);
#1899=CARTESIAN_POINT('',(1.25E0,2.45E0,-6.05E-1));
#1900=CARTESIAN_POINT('',(1.25E0,2.45E0,-4.029036790187E-1));
#1901=CARTESIAN_POINT('',(1.25E0,2.307096320981E0,-2.6E-1));
#1902=CARTESIAN_POINT('',(1.25E0,2.105E0,-2.6E-1));
#1903=CARTESIAN_POINT('',(1.24E0,2.45E0,-6.05E-1));
#1904=CARTESIAN_POINT('',(8.358073580374E-1,2.45E0,-4.029036790187E-1));
#1905=CARTESIAN_POINT('',(5.5E-1,2.307096320981E0,-2.6E-1));
#1906=CARTESIAN_POINT('',(5.5E-1,2.105E0,-2.6E-1));
#1907=CARTESIAN_POINT('',(1.24E0,2.45E0,-6.15E-1));
#1908=CARTESIAN_POINT('',(8.358073580374E-1,2.45E0,-8.170963209813E-1));
#1909=CARTESIAN_POINT('',(5.5E-1,2.307096320981E0,-9.6E-1));
#1910=CARTESIAN_POINT('',(5.5E-1,2.105E0,-9.6E-1));
#1911=CARTESIAN_POINT('',(1.25E0,2.45E0,-6.15E-1));
#1912=CARTESIAN_POINT('',(1.25E0,2.45E0,-8.170963209813E-1));
#1913=CARTESIAN_POINT('',(1.25E0,2.307096320981E0,-9.6E-1));
#1914=CARTESIAN_POINT('',(1.25E0,2.105E0,-9.6E-1));
#1915=(BOUNDED_SURFACE()B_SPLINE_SURFACE(3,3,((#1899,#1900,#1901,#1902),(#1903,
#1904,#1905,#1906),(#1907,#1908,#1909,#1910),(#1911,#1912,#1913,#1914)),
.UNSPECIFIED.,.U.,.U.,.F.)B_SPLINE_SURFACE_WITH_KNOTS((4,4),(4,4),(0.E0,1.E0),
(0.E0,1.E0),.UNSPECIFIED.)GEOMETRIC_REPRESENTATION_ITEM()RATIONAL_B_SPLINE_SURFACE(((2.343145750508E0,1.885618083164E0,1.885618083164E0,2.343145750508E0),
(7.810485835025E-1,6.285393610547E-1,6.285393610547E-1,7.810485835025E-1),
(7.810485835025E-1,6.285393610547E-1,6.285393610547E-1,7.810485835025E-1),
(2.343145750508E0,1.885618083164E0,1.885618083164E0,2.343145750508E0)))REPRESENTATION_ITEM('')SURFACE());
#1917=ORIENTED_EDGE('',*,*,#1916,.T.);
#1919=ORIENTED_EDGE('',*,*,#1918,.T.);
#1921=ORIENTED_EDGE('',*,*,#1920,.F.);
#1922=ORIENTED_EDGE('',*,*,#1893,.F.);
#1923=EDGE_LOOP('',(#1917,#1919,#1921,#1922));
#1924=FACE_OUTER_BOUND('',#1923,.F.);
#1925=ADVANCED_FACE('',(#1924),#1915,.T.);
#1926=CARTESIAN_POINT('',(1.25E0,2.45E0,-6.15E-1));
#1927=CARTESIAN_POINT('',(1.25E0,2.45E0,-8.170963209813E-1));
#1928=CARTESIAN_POINT('',(1.25E0,2.307096320981E0,-9.6E-1));
#1929=CARTESIAN_POINT('',(1.25E0,2.105E0,-9.6E-1));
#1930=CARTESIAN_POINT('',(1.26E0,2.45E0,-6.15E-1));
#1931=CARTESIAN_POINT('',(1.664192641963E0,2.45E0,-8.170963209813E-1));
#1932=CARTESIAN_POINT('',(1.95E0,2.307096320981E0,-9.6E-1));
#1933=CARTESIAN_POINT('',(1.95E0,2.105E0,-9.6E-1));
#1934=CARTESIAN_POINT('',(1.26E0,2.45E0,-6.05E-1));
#1935=CARTESIAN_POINT('',(1.664192641963E0,2.45E0,-4.029036790187E-1));
#1936=CARTESIAN_POINT('',(1.95E0,2.307096320981E0,-2.6E-1));
#1937=CARTESIAN_POINT('',(1.95E0,2.105E0,-2.6E-1));
#1938=CARTESIAN_POINT('',(1.25E0,2.45E0,-6.05E-1));
#1939=CARTESIAN_POINT('',(1.25E0,2.45E0,-4.029036790187E-1));
#1940=CARTESIAN_POINT('',(1.25E0,2.307096320981E0,-2.6E-1));
#1941=CARTESIAN_POINT('',(1.25E0,2.105E0,-2.6E-1));
#1942=(BOUNDED_SURFACE()B_SPLINE_SURFACE(3,3,((#1926,#1927,#1928,#1929),(#1930,
#1931,#1932,#1933),(#1934,#1935,#1936,#1937),(#1938,#1939,#1940,#1941)),
.UNSPECIFIED.,.U.,.U.,.F.)B_SPLINE_SURFACE_WITH_KNOTS((4,4),(4,4),(0.E0,1.E0),
(0.E0,1.E0),.UNSPECIFIED.)GEOMETRIC_REPRESENTATION_ITEM()RATIONAL_B_SPLINE_SURFACE(((2.343145750508E0,1.885618083164E0,1.885618083164E0,2.343145750508E0),
(7.810485835025E-1,6.285393610547E-1,6.285393610547E-1,7.810485835025E-1),
(7.810485835025E-1,6.285393610547E-1,6.285393610547E-1,7.810485835025E-1),
(2.343145750508E0,1.885618083164E0,1.885618083164E0,2.343145750508E0)))REPRESENTATION_ITEM('')SURFACE());
#1943=ORIENTED_EDGE('',*,*,#1916,.F.);
#1944=ORIENTED_EDGE('',*,*,#1879,.T.);
#1945=ORIENTED_EDGE('',*,*,#1920,.T.);
#1947=ORIENTED_EDGE('',*,*,#1946,.F.);
#1948=EDGE_LOOP('',(#1943,#1944,#1945,#1947));
#1949=FACE_OUTER_BOUND('',#1948,.F.);
#1950=ADVANCED_FACE('',(#1949),#1942,.T.);
#1951=CARTESIAN_POINT('',(1.25E0,2.45E0,-6.1E-1));
#1952=DIRECTION('',(0.E0,-1.E0,0.E0));
#1953=DIRECTION('',(0.E0,0.E0,1.E0));
#1954=AXIS2_PLACEMENT_3D('',#1951,#1952,#1953);
#1955=PLANE('',#1954);
#1956=ORIENTED_EDGE('',*,*,#1918,.F.);
#1957=ORIENTED_EDGE('',*,*,#1946,.T.);
#1958=EDGE_LOOP('',(#1956,#1957));
#1959=FACE_OUTER_BOUND('',#1958,.F.);
#1960=ADVANCED_FACE('',(#1959),#1955,.F.);
#1961=CARTESIAN_POINT('',(-1.25E0,2.895E0,-6.1E-1));
#1962=DIRECTION('',(0.E0,-1.E0,0.E0));
#1963=DIRECTION('',(0.E0,0.E0,1.E0));
#1964=AXIS2_PLACEMENT_3D('',#1961,#1962,#1963);
#1965=CYLINDRICAL_SURFACE('',#1964,3.5E-1);
#1966=ORIENTED_EDGE('',*,*,#1768,.T.);
#1968=ORIENTED_EDGE('',*,*,#1967,.T.);
#1970=ORIENTED_EDGE('',*,*,#1969,.F.);
#1972=ORIENTED_EDGE('',*,*,#1971,.F.);
#1973=EDGE_LOOP('',(#1966,#1968,#1970,#1972));
#1974=FACE_OUTER_BOUND('',#1973,.F.);
#1975=ADVANCED_FACE('',(#1974),#1965,.T.);
#1976=CARTESIAN_POINT('',(-1.25E0,2.895E0,-6.1E-1));
#1977=DIRECTION('',(0.E0,-1.E0,0.E0));
#1978=DIRECTION('',(0.E0,0.E0,1.E0));
#1979=AXIS2_PLACEMENT_3D('',#1976,#1977,#1978);
#1980=CYLINDRICAL_SURFACE('',#1979,3.5E-1);
#1981=ORIENTED_EDGE('',*,*,#1770,.T.);
#1982=ORIENTED_EDGE('',*,*,#1971,.T.);
#1984=ORIENTED_EDGE('',*,*,#1983,.T.);
#1985=ORIENTED_EDGE('',*,*,#1967,.F.);
#1986=EDGE_LOOP('',(#1981,#1982,#1984,#1985));
#1987=FACE_OUTER_BOUND('',#1986,.F.);
#1988=ADVANCED_FACE('',(#1987),#1980,.T.);
#1989=CARTESIAN_POINT('',(-1.25E0,2.45E0,-6.05E-1));
#1990=CARTESIAN_POINT('',(-1.25E0,2.45E0,-4.029036790187E-1));
#1991=CARTESIAN_POINT('',(-1.25E0,2.307096320981E0,-2.6E-1));
#1992=CARTESIAN_POINT('',(-1.25E0,2.105E0,-2.6E-1));
#1993=CARTESIAN_POINT('',(-1.26E0,2.45E0,-6.05E-1));
#1994=CARTESIAN_POINT('',(-1.664192641963E0,2.45E0,-4.029036790187E-1));
#1995=CARTESIAN_POINT('',(-1.95E0,2.307096320981E0,-2.6E-1));
#1996=CARTESIAN_POINT('',(-1.95E0,2.105E0,-2.6E-1));
#1997=CARTESIAN_POINT('',(-1.26E0,2.45E0,-6.15E-1));
#1998=CARTESIAN_POINT('',(-1.664192641963E0,2.45E0,-8.170963209813E-1));
#1999=CARTESIAN_POINT('',(-1.95E0,2.307096320981E0,-9.6E-1));
#2000=CARTESIAN_POINT('',(-1.95E0,2.105E0,-9.6E-1));
#2001=CARTESIAN_POINT('',(-1.25E0,2.45E0,-6.15E-1));
#2002=CARTESIAN_POINT('',(-1.25E0,2.45E0,-8.170963209813E-1));
#2003=CARTESIAN_POINT('',(-1.25E0,2.307096320981E0,-9.6E-1));
#2004=CARTESIAN_POINT('',(-1.25E0,2.105E0,-9.6E-1));
#2005=(BOUNDED_SURFACE()B_SPLINE_SURFACE(3,3,((#1989,#1990,#1991,#1992),(#1993,
#1994,#1995,#1996),(#1997,#1998,#1999,#2000),(#2001,#2002,#2003,#2004)),
.UNSPECIFIED.,.U.,.U.,.F.)B_SPLINE_SURFACE_WITH_KNOTS((4,4),(4,4),(0.E0,1.E0),
(0.E0,1.E0),.UNSPECIFIED.)GEOMETRIC_REPRESENTATION_ITEM()RATIONAL_B_SPLINE_SURFACE(((2.343145750508E0,1.885618083164E0,1.885618083164E0,2.343145750508E0),
(7.810485835025E-1,6.285393610547E-1,6.285393610547E-1,7.810485835025E-1),
(7.810485835025E-1,6.285393610547E-1,6.285393610547E-1,7.810485835025E-1),
(2.343145750508E0,1.885618083164E0,1.885618083164E0,2.343145750508E0)))REPRESENTATION_ITEM('')SURFACE());
#2007=ORIENTED_EDGE('',*,*,#2006,.T.);
#2009=ORIENTED_EDGE('',*,*,#2008,.T.);
#2011=ORIENTED_EDGE('',*,*,#2010,.F.);
#2012=ORIENTED_EDGE('',*,*,#1983,.F.);
#2013=EDGE_LOOP('',(#2007,#2009,#2011,#2012));
#2014=FACE_OUTER_BOUND('',#2013,.F.);
#2015=ADVANCED_FACE('',(#2014),#2005,.T.);
#2016=CARTESIAN_POINT('',(-1.25E0,2.45E0,-6.15E-1));
#2017=CARTESIAN_POINT('',(-1.25E0,2.45E0,-8.170963209813E-1));
#2018=CARTESIAN_POINT('',(-1.25E0,2.307096320981E0,-9.6E-1));
#2019=CARTESIAN_POINT('',(-1.25E0,2.105E0,-9.6E-1));
#2020=CARTESIAN_POINT('',(-1.24E0,2.45E0,-6.15E-1));
#2021=CARTESIAN_POINT('',(-8.358073580374E-1,2.45E0,-8.170963209813E-1));
#2022=CARTESIAN_POINT('',(-5.5E-1,2.307096320981E0,-9.6E-1));
#2023=CARTESIAN_POINT('',(-5.5E-1,2.105E0,-9.6E-1));
#2024=CARTESIAN_POINT('',(-1.24E0,2.45E0,-6.05E-1));
#2025=CARTESIAN_POINT('',(-8.358073580374E-1,2.45E0,-4.029036790187E-1));
#2026=CARTESIAN_POINT('',(-5.5E-1,2.307096320981E0,-2.6E-1));
#2027=CARTESIAN_POINT('',(-5.5E-1,2.105E0,-2.6E-1));
#2028=CARTESIAN_POINT('',(-1.25E0,2.45E0,-6.05E-1));
#2029=CARTESIAN_POINT('',(-1.25E0,2.45E0,-4.029036790187E-1));
#2030=CARTESIAN_POINT('',(-1.25E0,2.307096320981E0,-2.6E-1));
#2031=CARTESIAN_POINT('',(-1.25E0,2.105E0,-2.6E-1));
#2032=(BOUNDED_SURFACE()B_SPLINE_SURFACE(3,3,((#2016,#2017,#2018,#2019),(#2020,
#2021,#2022,#2023),(#2024,#2025,#2026,#2027),(#2028,#2029,#2030,#2031)),
.UNSPECIFIED.,.U.,.U.,.F.)B_SPLINE_SURFACE_WITH_KNOTS((4,4),(4,4),(0.E0,1.E0),
(0.E0,1.E0),.UNSPECIFIED.)GEOMETRIC_REPRESENTATION_ITEM()RATIONAL_B_SPLINE_SURFACE(((2.343145750508E0,1.885618083164E0,1.885618083164E0,2.343145750508E0),
(7.810485835025E-1,6.285393610547E-1,6.285393610547E-1,7.810485835025E-1),
(7.810485835025E-1,6.285393610547E-1,6.285393610547E-1,7.810485835025E-1),
(2.343145750508E0,1.885618083164E0,1.885618083164E0,2.343145750508E0)))REPRESENTATION_ITEM('')SURFACE());
#2033=ORIENTED_EDGE('',*,*,#2006,.F.);
#2034=ORIENTED_EDGE('',*,*,#1969,.T.);
#2035=ORIENTED_EDGE('',*,*,#2010,.T.);
#2037=ORIENTED_EDGE('',*,*,#2036,.F.);
#2038=EDGE_LOOP('',(#2033,#2034,#2035,#2037));
#2039=FACE_OUTER_BOUND('',#2038,.F.);
#2040=ADVANCED_FACE('',(#2039),#2032,.T.);
#2041=CARTESIAN_POINT('',(-1.25E0,2.45E0,-6.1E-1));
#2042=DIRECTION('',(0.E0,-1.E0,0.E0));
#2043=DIRECTION('',(0.E0,0.E0,1.E0));
#2044=AXIS2_PLACEMENT_3D('',#2041,#2042,#2043);
#2045=PLANE('',#2044);
#2046=ORIENTED_EDGE('',*,*,#2008,.F.);
#2047=ORIENTED_EDGE('',*,*,#2036,.T.);
#2048=EDGE_LOOP('',(#2046,#2047));
#2049=FACE_OUTER_BOUND('',#2048,.F.);
#2050=ADVANCED_FACE('',(#2049),#2045,.F.);
#2051=CARTESIAN_POINT('',(-3.75E0,2.895E0,-6.1E-1));
#2052=DIRECTION('',(0.E0,-1.E0,0.E0));
#2053=DIRECTION('',(0.E0,0.E0,1.E0));
#2054=AXIS2_PLACEMENT_3D('',#2051,#2052,#2053);
#2055=CYLINDRICAL_SURFACE('',#2054,3.5E-1);
#2056=ORIENTED_EDGE('',*,*,#1774,.T.);
#2058=ORIENTED_EDGE('',*,*,#2057,.T.);
#2060=ORIENTED_EDGE('',*,*,#2059,.F.);
#2062=ORIENTED_EDGE('',*,*,#2061,.F.);
#2063=EDGE_LOOP('',(#2056,#2058,#2060,#2062));
#2064=FACE_OUTER_BOUND('',#2063,.F.);
#2065=ADVANCED_FACE('',(#2064),#2055,.T.);
#2066=CARTESIAN_POINT('',(-3.75E0,2.895E0,-6.1E-1));
#2067=DIRECTION('',(0.E0,-1.E0,0.E0));
#2068=DIRECTION('',(0.E0,0.E0,1.E0));
#2069=AXIS2_PLACEMENT_3D('',#2066,#2067,#2068);
#2070=CYLINDRICAL_SURFACE('',#2069,3.5E-1);
#2071=ORIENTED_EDGE('',*,*,#1776,.T.);
#2072=ORIENTED_EDGE('',*,*,#2061,.T.);
#2074=ORIENTED_EDGE('',*,*,#2073,.T.);
#2075=ORIENTED_EDGE('',*,*,#2057,.F.);
#2076=EDGE_LOOP('',(#2071,#2072,#2074,#2075));
#2077=FACE_OUTER_BOUND('',#2076,.F.);
#2078=ADVANCED_FACE('',(#2077),#2070,.T.);
#2079=CARTESIAN_POINT('',(-3.75E0,2.45E0,-6.05E-1));
#2080=CARTESIAN_POINT('',(-3.75E0,2.45E0,-4.029036790187E-1));
#2081=CARTESIAN_POINT('',(-3.75E0,2.307096320981E0,-2.6E-1));
#2082=CARTESIAN_POINT('',(-3.75E0,2.105E0,-2.6E-1));
#2083=CARTESIAN_POINT('',(-3.76E0,2.45E0,-6.05E-1));
#2084=CARTESIAN_POINT('',(-4.164192641963E0,2.45E0,-4.029036790187E-1));
#2085=CARTESIAN_POINT('',(-4.45E0,2.307096320981E0,-2.6E-1));
#2086=CARTESIAN_POINT('',(-4.45E0,2.105E0,-2.6E-1));
#2087=CARTESIAN_POINT('',(-3.76E0,2.45E0,-6.15E-1));
#2088=CARTESIAN_POINT('',(-4.164192641963E0,2.45E0,-8.170963209813E-1));
#2089=CARTESIAN_POINT('',(-4.45E0,2.307096320981E0,-9.6E-1));
#2090=CARTESIAN_POINT('',(-4.45E0,2.105E0,-9.6E-1));
#2091=CARTESIAN_POINT('',(-3.75E0,2.45E0,-6.15E-1));
#2092=CARTESIAN_POINT('',(-3.75E0,2.45E0,-8.170963209813E-1));
#2093=CARTESIAN_POINT('',(-3.75E0,2.307096320981E0,-9.6E-1));
#2094=CARTESIAN_POINT('',(-3.75E0,2.105E0,-9.6E-1));
#2095=(BOUNDED_SURFACE()B_SPLINE_SURFACE(3,3,((#2079,#2080,#2081,#2082),(#2083,
#2084,#2085,#2086),(#2087,#2088,#2089,#2090),(#2091,#2092,#2093,#2094)),
.UNSPECIFIED.,.U.,.U.,.F.)B_SPLINE_SURFACE_WITH_KNOTS((4,4),(4,4),(0.E0,1.E0),
(0.E0,1.E0),.UNSPECIFIED.)GEOMETRIC_REPRESENTATION_ITEM()RATIONAL_B_SPLINE_SURFACE(((2.343145750508E0,1.885618083164E0,1.885618083164E0,2.343145750508E0),
(7.810485835025E-1,6.285393610547E-1,6.285393610547E-1,7.810485835025E-1),
(7.810485835025E-1,6.285393610547E-1,6.285393610547E-1,7.810485835025E-1),
(2.343145750508E0,1.885618083164E0,1.885618083164E0,2.343145750508E0)))REPRESENTATION_ITEM('')SURFACE());
#2097=ORIENTED_EDGE('',*,*,#2096,.T.);
#2099=ORIENTED_EDGE('',*,*,#2098,.T.);
#2101=ORIENTED_EDGE('',*,*,#2100,.F.);
#2102=ORIENTED_EDGE('',*,*,#2073,.F.);
#2103=EDGE_LOOP('',(#2097,#2099,#2101,#2102));
#2104=FACE_OUTER_BOUND('',#2103,.F.);
#2105=ADVANCED_FACE('',(#2104),#2095,.T.);
#2106=CARTESIAN_POINT('',(-3.75E0,2.45E0,-6.15E-1));
#2107=CARTESIAN_POINT('',(-3.75E0,2.45E0,-8.170963209813E-1));
#2108=CARTESIAN_POINT('',(-3.75E0,2.307096320981E0,-9.6E-1));
#2109=CARTESIAN_POINT('',(-3.75E0,2.105E0,-9.6E-1));
#2110=CARTESIAN_POINT('',(-3.74E0,2.45E0,-6.15E-1));
#2111=CARTESIAN_POINT('',(-3.335807358037E0,2.45E0,-8.170963209813E-1));
#2112=CARTESIAN_POINT('',(-3.05E0,2.307096320981E0,-9.6E-1));
#2113=CARTESIAN_POINT('',(-3.05E0,2.105E0,-9.6E-1));
#2114=CARTESIAN_POINT('',(-3.74E0,2.45E0,-6.05E-1));
#2115=CARTESIAN_POINT('',(-3.335807358037E0,2.45E0,-4.029036790187E-1));
#2116=CARTESIAN_POINT('',(-3.05E0,2.307096320981E0,-2.6E-1));
#2117=CARTESIAN_POINT('',(-3.05E0,2.105E0,-2.6E-1));
#2118=CARTESIAN_POINT('',(-3.75E0,2.45E0,-6.05E-1));
#2119=CARTESIAN_POINT('',(-3.75E0,2.45E0,-4.029036790187E-1));
#2120=CARTESIAN_POINT('',(-3.75E0,2.307096320981E0,-2.6E-1));
#2121=CARTESIAN_POINT('',(-3.75E0,2.105E0,-2.6E-1));
#2122=(BOUNDED_SURFACE()B_SPLINE_SURFACE(3,3,((#2106,#2107,#2108,#2109),(#2110,
#2111,#2112,#2113),(#2114,#2115,#2116,#2117),(#2118,#2119,#2120,#2121)),
.UNSPECIFIED.,.U.,.U.,.F.)B_SPLINE_SURFACE_WITH_KNOTS((4,4),(4,4),(0.E0,1.E0),
(0.E0,1.E0),.UNSPECIFIED.)GEOMETRIC_REPRESENTATION_ITEM()RATIONAL_B_SPLINE_SURFACE(((2.343145750508E0,1.885618083164E0,1.885618083164E0,2.343145750508E0),
(7.810485835025E-1,6.285393610547E-1,6.285393610547E-1,7.810485835025E-1),
(7.810485835025E-1,6.285393610547E-1,6.285393610547E-1,7.810485835025E-1),
(2.343145750508E0,1.885618083164E0,1.885618083164E0,2.343145750508E0)))REPRESENTATION_ITEM('')SURFACE());
#2123=ORIENTED_EDGE('',*,*,#2096,.F.);
#2124=ORIENTED_EDGE('',*,*,#2059,.T.);
#2125=ORIENTED_EDGE('',*,*,#2100,.T.);
#2127=ORIENTED_EDGE('',*,*,#2126,.F.);
#2128=EDGE_LOOP('',(#2123,#2124,#2125,#2127));
#2129=FACE_OUTER_BOUND('',#2128,.F.);
#2130=ADVANCED_FACE('',(#2129),#2122,.T.);
#2131=CARTESIAN_POINT('',(-3.75E0,2.45E0,-6.1E-1));
#2132=DIRECTION('',(0.E0,-1.E0,0.E0));
#2133=DIRECTION('',(0.E0,0.E0,1.E0));
#2134=AXIS2_PLACEMENT_3D('',#2131,#2132,#2133);
#2135=PLANE('',#2134);
#2136=ORIENTED_EDGE('',*,*,#2098,.F.);
#2137=ORIENTED_EDGE('',*,*,#2126,.T.);
#2138=EDGE_LOOP('',(#2136,#2137));
#2139=FACE_OUTER_BOUND('',#2138,.F.);
#2140=ADVANCED_FACE('',(#2139),#2135,.F.);
#2141=CARTESIAN_POINT('',(-3.E0,-1.05E0,-1.73E0));
#2142=DIRECTION('',(-8.137334712067E-1,0.E0,5.812381937191E-1));
#2143=DIRECTION('',(5.812381937191E-1,0.E0,8.137334712067E-1));
#2144=AXIS2_PLACEMENT_3D('',#2141,#2142,#2143);
#2145=PLANE('',#2144);
#2147=ORIENTED_EDGE('',*,*,#2146,.T.);
#2149=ORIENTED_EDGE('',*,*,#2148,.T.);
#2151=ORIENTED_EDGE('',*,*,#2150,.F.);
#2152=ORIENTED_EDGE('',*,*,#1719,.F.);
#2153=EDGE_LOOP('',(#2147,#2149,#2151,#2152));
#2154=FACE_OUTER_BOUND('',#2153,.F.);
#2155=ADVANCED_FACE('',(#2154),#2145,.T.);
#2156=CARTESIAN_POINT('',(4.410050506339E0,2.95E0,-1.73E0));
#2157=DIRECTION('',(0.E0,0.E0,-1.E0));
#2158=DIRECTION('',(-1.E0,0.E0,0.E0));
#2159=AXIS2_PLACEMENT_3D('',#2156,#2157,#2158);
#2160=PLANE('',#2159);
#2162=ORIENTED_EDGE('',*,*,#2161,.T.);
#2164=ORIENTED_EDGE('',*,*,#2163,.F.);
#2166=ORIENTED_EDGE('',*,*,#2165,.T.);
#2167=ORIENTED_EDGE('',*,*,#1735,.T.);
#2168=EDGE_LOOP('',(#2162,#2164,#2166,#2167));
#2169=FACE_OUTER_BOUND('',#2168,.F.);
#2170=ADVANCED_FACE('',(#2169),#2160,.F.);
#2171=CARTESIAN_POINT('',(4.410050506339E0,2.95E0,-1.73E0));
#2172=DIRECTION('',(0.E0,0.E0,-1.E0));
#2173=DIRECTION('',(-1.E0,0.E0,0.E0));
#2174=AXIS2_PLACEMENT_3D('',#2171,#2172,#2173);
#2175=PLANE('',#2174);
#2177=ORIENTED_EDGE('',*,*,#2176,.T.);
#2179=ORIENTED_EDGE('',*,*,#2178,.F.);
#2181=ORIENTED_EDGE('',*,*,#2180,.F.);
#2182=ORIENTED_EDGE('',*,*,#1729,.T.);
#2183=EDGE_LOOP('',(#2177,#2179,#2181,#2182));
#2184=FACE_OUTER_BOUND('',#2183,.F.);
#2185=ADVANCED_FACE('',(#2184),#2175,.F.);
#2186=CARTESIAN_POINT('',(4.410050506339E0,2.95E0,-1.73E0));
#2187=DIRECTION('',(0.E0,0.E0,-1.E0));
#2188=DIRECTION('',(-1.E0,0.E0,0.E0));
#2189=AXIS2_PLACEMENT_3D('',#2186,#2187,#2188);
#2190=PLANE('',#2189);
#2191=ORIENTED_EDGE('',*,*,#2146,.F.);
#2192=ORIENTED_EDGE('',*,*,#1752,.T.);
#2194=ORIENTED_EDGE('',*,*,#2193,.F.);
#2196=ORIENTED_EDGE('',*,*,#2195,.F.);
#2197=EDGE_LOOP('',(#2191,#2192,#2194,#2196));
#2198=FACE_OUTER_BOUND('',#2197,.F.);
#2199=ADVANCED_FACE('',(#2198),#2190,.F.);
#2200=CARTESIAN_POINT('',(4.410050506339E0,2.95E0,-1.73E0));
#2201=DIRECTION('',(0.E0,0.E0,-1.E0));
#2202=DIRECTION('',(-1.E0,0.E0,0.E0));
#2203=AXIS2_PLACEMENT_3D('',#2200,#2201,#2202);
#2204=PLANE('',#2203);
#2206=ORIENTED_EDGE('',*,*,#2205,.T.);
#2208=ORIENTED_EDGE('',*,*,#2207,.F.);
#2210=ORIENTED_EDGE('',*,*,#2209,.F.);
#2211=ORIENTED_EDGE('',*,*,#1723,.T.);
#2212=EDGE_LOOP('',(#2206,#2208,#2210,#2211));
#2213=FACE_OUTER_BOUND('',#2212,.F.);
#2214=ADVANCED_FACE('',(#2213),#2204,.F.);
#2215=CARTESIAN_POINT('',(2.5E0,-1.05E0,-1.03E0));
#2216=DIRECTION('',(8.137334712067E-1,0.E0,5.812381937191E-1));
#2217=DIRECTION('',(5.812381937191E-1,0.E0,-8.137334712067E-1));
#2218=AXIS2_PLACEMENT_3D('',#2215,#2216,#2217);
#2219=PLANE('',#2218);
#2220=ORIENTED_EDGE('',*,*,#2161,.F.);
#2221=ORIENTED_EDGE('',*,*,#1733,.F.);
#2223=ORIENTED_EDGE('',*,*,#2222,.T.);
#2225=ORIENTED_EDGE('',*,*,#2224,.T.);
#2226=EDGE_LOOP('',(#2220,#2221,#2223,#2225));
#2227=FACE_OUTER_BOUND('',#2226,.F.);
#2228=ADVANCED_FACE('',(#2227),#2219,.T.);
#2229=CARTESIAN_POINT('',(2.E0,-1.05E0,-1.73E0));
#2230=DIRECTION('',(-8.137334712067E-1,0.E0,5.812381937191E-1));
#2231=DIRECTION('',(5.812381937191E-1,0.E0,8.137334712067E-1));
#2232=AXIS2_PLACEMENT_3D('',#2229,#2230,#2231);
#2233=PLANE('',#2232);
#2234=ORIENTED_EDGE('',*,*,#2180,.T.);
#2236=ORIENTED_EDGE('',*,*,#2235,.T.);
#2237=ORIENTED_EDGE('',*,*,#2222,.F.);
#2238=ORIENTED_EDGE('',*,*,#1731,.F.);
#2239=EDGE_LOOP('',(#2234,#2236,#2237,#2238));
#2240=FACE_OUTER_BOUND('',#2239,.F.);
#2241=ADVANCED_FACE('',(#2240),#2233,.T.);
#2242=CARTESIAN_POINT('',(0.E0,2.7E0,0.E0));
#2243=DIRECTION('',(0.E0,1.E0,0.E0));
#2244=DIRECTION('',(1.E0,0.E0,0.E0));
#2245=AXIS2_PLACEMENT_3D('',#2242,#2243,#2244);
#2246=PLANE('',#2245);
#2248=ORIENTED_EDGE('',*,*,#2247,.T.);
#2249=ORIENTED_EDGE('',*,*,#2224,.F.);
#2250=ORIENTED_EDGE('',*,*,#2235,.F.);
#2251=EDGE_LOOP('',(#2248,#2249,#2250));
#2252=FACE_OUTER_BOUND('',#2251,.F.);
#2253=ADVANCED_FACE('',(#2252),#2246,.T.);
#2254=CARTESIAN_POINT('',(4.41E0,2.7E0,-1.73E0));
#2255=DIRECTION('',(0.E0,-7.071067811865E-1,-7.071067811865E-1));
#2256=DIRECTION('',(0.E0,7.071067811865E-1,-7.071067811865E-1));
#2257=AXIS2_PLACEMENT_3D('',#2254,#2255,#2256);
#2258=PLANE('',#2257);
#2260=ORIENTED_EDGE('',*,*,#2259,.F.);
#2261=ORIENTED_EDGE('',*,*,#2195,.T.);
#2263=ORIENTED_EDGE('',*,*,#2262,.T.);
#2264=ORIENTED_EDGE('',*,*,#1421,.T.);
#2266=ORIENTED_EDGE('',*,*,#2265,.F.);
#2267=ORIENTED_EDGE('',*,*,#2163,.T.);
#2268=ORIENTED_EDGE('',*,*,#2247,.F.);
#2269=ORIENTED_EDGE('',*,*,#2178,.T.);
#2271=ORIENTED_EDGE('',*,*,#2270,.F.);
#2272=ORIENTED_EDGE('',*,*,#2207,.T.);
#2273=EDGE_LOOP('',(#2260,#2261,#2263,#2264,#2266,#2267,#2268,#2269,#2271,
#2272));
#2274=FACE_OUTER_BOUND('',#2273,.F.);
#2275=ADVANCED_FACE('',(#2274),#2258,.F.);
#2276=CARTESIAN_POINT('',(0.E0,2.7E0,0.E0));
#2277=DIRECTION('',(0.E0,1.E0,0.E0));
#2278=DIRECTION('',(1.E0,0.E0,0.E0));
#2279=AXIS2_PLACEMENT_3D('',#2276,#2277,#2278);
#2280=PLANE('',#2279);
#2281=ORIENTED_EDGE('',*,*,#2259,.T.);
#2283=ORIENTED_EDGE('',*,*,#2282,.F.);
#2284=ORIENTED_EDGE('',*,*,#2148,.F.);
#2285=EDGE_LOOP('',(#2281,#2283,#2284));
#2286=FACE_OUTER_BOUND('',#2285,.F.);
#2287=ADVANCED_FACE('',(#2286),#2280,.T.);
#2288=CARTESIAN_POINT('',(-2.5E0,-1.05E0,-1.03E0));
#2289=DIRECTION('',(8.137334712067E-1,0.E0,5.812381937191E-1));
#2290=DIRECTION('',(5.812381937191E-1,0.E0,-8.137334712067E-1));
#2291=AXIS2_PLACEMENT_3D('',#2288,#2289,#2290);
#2292=PLANE('',#2291);
#2293=ORIENTED_EDGE('',*,*,#2205,.F.);
#2294=ORIENTED_EDGE('',*,*,#1721,.F.);
#2295=ORIENTED_EDGE('',*,*,#2150,.T.);
#2296=ORIENTED_EDGE('',*,*,#2282,.T.);
#2297=EDGE_LOOP('',(#2293,#2294,#2295,#2296));
#2298=FACE_OUTER_BOUND('',#2297,.F.);
#2299=ADVANCED_FACE('',(#2298),#2292,.T.);
#2300=CARTESIAN_POINT('',(-4.41E0,2.95E0,-6.400505063388E-1));
#2301=DIRECTION('',(1.E0,0.E0,0.E0));
#2302=DIRECTION('',(0.E0,0.E0,-1.E0));
#2303=AXIS2_PLACEMENT_3D('',#2300,#2301,#2302);
#2304=PLANE('',#2303);
#2305=ORIENTED_EDGE('',*,*,#1423,.T.);
#2306=ORIENTED_EDGE('',*,*,#2262,.F.);
#2308=ORIENTED_EDGE('',*,*,#2307,.F.);
#2309=EDGE_LOOP('',(#2305,#2306,#2308));
#2310=FACE_OUTER_BOUND('',#2309,.F.);
#2311=ADVANCED_FACE('',(#2310),#2304,.T.);
#2312=CARTESIAN_POINT('',(-4.410050506339E0,2.95E0,-1.73E0));
#2313=DIRECTION('',(-7.071067811865E-1,0.E0,-7.071067811865E-1));
#2314=DIRECTION('',(-7.071067811865E-1,0.E0,7.071067811865E-1));
#2315=AXIS2_PLACEMENT_3D('',#2312,#2313,#2314);
#2316=PLANE('',#2315);
#2317=ORIENTED_EDGE('',*,*,#1425,.F.);
#2318=ORIENTED_EDGE('',*,*,#2307,.T.);
#2319=ORIENTED_EDGE('',*,*,#2193,.T.);
#2320=ORIENTED_EDGE('',*,*,#1750,.T.);
#2321=ORIENTED_EDGE('',*,*,#1694,.F.);
#2322=EDGE_LOOP('',(#2317,#2318,#2319,#2320,#2321));
#2323=FACE_OUTER_BOUND('',#2322,.F.);
#2324=ADVANCED_FACE('',(#2323),#2316,.F.);
#2325=CARTESIAN_POINT('',(4.41E0,2.95E0,1.77E0));
#2326=DIRECTION('',(-1.E0,0.E0,0.E0));
#2327=DIRECTION('',(0.E0,0.E0,1.E0));
#2328=AXIS2_PLACEMENT_3D('',#2325,#2326,#2327);
#2329=PLANE('',#2328);
#2330=ORIENTED_EDGE('',*,*,#1419,.T.);
#2332=ORIENTED_EDGE('',*,*,#2331,.T.);
#2333=ORIENTED_EDGE('',*,*,#2265,.T.);
#2334=EDGE_LOOP('',(#2330,#2332,#2333));
#2335=FACE_OUTER_BOUND('',#2334,.F.);
#2336=ADVANCED_FACE('',(#2335),#2329,.T.);
#2337=CARTESIAN_POINT('',(5.5E0,2.95E0,-6.400505063388E-1));
#2338=DIRECTION('',(7.071067811865E-1,0.E0,-7.071067811865E-1));
#2339=DIRECTION('',(-7.071067811865E-1,0.E0,-7.071067811865E-1));
#2340=AXIS2_PLACEMENT_3D('',#2337,#2338,#2339);
#2341=PLANE('',#2340);
#2342=ORIENTED_EDGE('',*,*,#1440,.F.);
#2344=ORIENTED_EDGE('',*,*,#2343,.T.);
#2345=ORIENTED_EDGE('',*,*,#1737,.T.);
#2346=ORIENTED_EDGE('',*,*,#2165,.F.);
#2347=ORIENTED_EDGE('',*,*,#2331,.F.);
#2348=EDGE_LOOP('',(#2342,#2344,#2345,#2346,#2347));
#2349=FACE_OUTER_BOUND('',#2348,.F.);
#2350=ADVANCED_FACE('',(#2349),#2341,.F.);
#2351=CARTESIAN_POINT('',(5.5E0,2.95E0,1.77E0));
#2352=DIRECTION('',(1.E0,0.E0,0.E0));
#2353=DIRECTION('',(0.E0,0.E0,-1.E0));
#2354=AXIS2_PLACEMENT_3D('',#2351,#2352,#2353);
#2355=PLANE('',#2354);
#2356=ORIENTED_EDGE('',*,*,#1384,.F.);
#2357=ORIENTED_EDGE('',*,*,#1403,.F.);
#2359=ORIENTED_EDGE('',*,*,#2358,.T.);
#2361=ORIENTED_EDGE('',*,*,#2360,.T.);
#2362=ORIENTED_EDGE('',*,*,#1743,.T.);
#2364=ORIENTED_EDGE('',*,*,#2363,.T.);
#2365=EDGE_LOOP('',(#2356,#2357,#2359,#2361,#2362,#2364));
#2366=FACE_OUTER_BOUND('',#2365,.F.);
#2367=ADVANCED_FACE('',(#2366),#2355,.F.);
#2368=CARTESIAN_POINT('',(5.5E0,2.95E0,1.77E0));
#2369=DIRECTION('',(1.E0,0.E0,0.E0));
#2370=DIRECTION('',(0.E0,0.E0,-1.E0));
#2371=AXIS2_PLACEMENT_3D('',#2368,#2369,#2370);
#2372=PLANE('',#2371);
#2374=ORIENTED_EDGE('',*,*,#2373,.F.);
#2375=ORIENTED_EDGE('',*,*,#1739,.T.);
#2376=ORIENTED_EDGE('',*,*,#2343,.F.);
#2377=ORIENTED_EDGE('',*,*,#1438,.F.);
#2379=ORIENTED_EDGE('',*,*,#2378,.F.);
#2381=ORIENTED_EDGE('',*,*,#2380,.F.);
#2383=ORIENTED_EDGE('',*,*,#2382,.F.);
#2384=EDGE_LOOP('',(#2374,#2375,#2376,#2377,#2379,#2381,#2383));
#2385=FACE_OUTER_BOUND('',#2384,.F.);
#2386=ADVANCED_FACE('',(#2385),#2372,.F.);
#2387=CARTESIAN_POINT('',(-5.5E0,2.95E0,2.02E0));
#2388=DIRECTION('',(0.E0,7.071067811865E-1,-7.071067811865E-1));
#2389=DIRECTION('',(1.E0,0.E0,0.E0));
#2390=AXIS2_PLACEMENT_3D('',#2387,#2388,#2389);
#2391=PLANE('',#2390);
#2392=ORIENTED_EDGE('',*,*,#1401,.F.);
#2393=ORIENTED_EDGE('',*,*,#1678,.T.);
#2395=ORIENTED_EDGE('',*,*,#2394,.T.);
#2396=ORIENTED_EDGE('',*,*,#2358,.F.);
#2397=EDGE_LOOP('',(#2392,#2393,#2395,#2396));
#2398=FACE_OUTER_BOUND('',#2397,.F.);
#2399=ADVANCED_FACE('',(#2398),#2391,.T.);
#2400=CARTESIAN_POINT('',(-5.5E0,2.95E0,1.77E0));
#2401=DIRECTION('',(0.E0,0.E0,1.E0));
#2402=DIRECTION('',(1.E0,0.E0,0.E0));
#2403=AXIS2_PLACEMENT_3D('',#2400,#2401,#2402);
#2404=PLANE('',#2403);
#2405=ORIENTED_EDGE('',*,*,#2394,.F.);
#2406=ORIENTED_EDGE('',*,*,#1676,.T.);
#2407=ORIENTED_EDGE('',*,*,#1745,.T.);
#2408=ORIENTED_EDGE('',*,*,#2360,.F.);
#2409=EDGE_LOOP('',(#2405,#2406,#2407,#2408));
#2410=FACE_OUTER_BOUND('',#2409,.F.);
#2411=ADVANCED_FACE('',(#2410),#2404,.F.);
#2412=CARTESIAN_POINT('',(6.2E0,2.55E0,1.28E0));
#2413=DIRECTION('',(0.E0,0.E0,1.E0));
#2414=DIRECTION('',(0.E0,-1.E0,0.E0));
#2415=AXIS2_PLACEMENT_3D('',#2412,#2413,#2414);
#2416=PLANE('',#2415);
#2417=ORIENTED_EDGE('',*,*,#1343,.F.);
#2418=ORIENTED_EDGE('',*,*,#1386,.T.);
#2419=ORIENTED_EDGE('',*,*,#2363,.F.);
#2421=ORIENTED_EDGE('',*,*,#2420,.T.);
#2422=ORIENTED_EDGE('',*,*,#1523,.F.);
#2423=EDGE_LOOP('',(#2417,#2418,#2419,#2421,#2422));
#2424=FACE_OUTER_BOUND('',#2423,.F.);
#2425=ADVANCED_FACE('',(#2424),#2416,.F.);
#2426=CARTESIAN_POINT('',(5.5E0,-2.95E0,2.47E0));
#2427=DIRECTION('',(1.E0,0.E0,0.E0));
#2428=DIRECTION('',(0.E0,0.E0,-1.E0));
#2429=AXIS2_PLACEMENT_3D('',#2426,#2427,#2428);
#2430=PLANE('',#2429);
#2431=ORIENTED_EDGE('',*,*,#1576,.T.);
#2433=ORIENTED_EDGE('',*,*,#2432,.F.);
#2434=ORIENTED_EDGE('',*,*,#1284,.F.);
#2435=ORIENTED_EDGE('',*,*,#1539,.T.);
#2436=ORIENTED_EDGE('',*,*,#1525,.F.);
#2437=ORIENTED_EDGE('',*,*,#2420,.F.);
#2438=ORIENTED_EDGE('',*,*,#1741,.T.);
#2440=ORIENTED_EDGE('',*,*,#2439,.F.);
#2441=EDGE_LOOP('',(#2431,#2433,#2434,#2435,#2436,#2437,#2438,#2440));
#2442=FACE_OUTER_BOUND('',#2441,.F.);
#2443=ADVANCED_FACE('',(#2442),#2430,.T.);
#2444=CARTESIAN_POINT('',(6.2E0,-2.85E0,6.2E-1));
#2445=DIRECTION('',(0.E0,0.E0,1.E0));
#2446=DIRECTION('',(0.E0,-1.E0,0.E0));
#2447=AXIS2_PLACEMENT_3D('',#2444,#2445,#2446);
#2448=PLANE('',#2447);
#2449=ORIENTED_EDGE('',*,*,#1278,.T.);
#2450=ORIENTED_EDGE('',*,*,#2432,.T.);
#2451=ORIENTED_EDGE('',*,*,#1574,.T.);
#2452=ORIENTED_EDGE('',*,*,#1560,.F.);
#2453=EDGE_LOOP('',(#2449,#2450,#2451,#2452));
#2454=FACE_OUTER_BOUND('',#2453,.F.);
#2455=ADVANCED_FACE('',(#2454),#2448,.F.);
#2456=CARTESIAN_POINT('',(6.2E0,-2.95E0,1.8E-1));
#2457=DIRECTION('',(0.E0,0.E0,-1.E0));
#2458=DIRECTION('',(0.E0,1.E0,0.E0));
#2459=AXIS2_PLACEMENT_3D('',#2456,#2457,#2458);
#2460=PLANE('',#2459);
#2461=ORIENTED_EDGE('',*,*,#1578,.F.);
#2462=ORIENTED_EDGE('',*,*,#2439,.T.);
#2463=ORIENTED_EDGE('',*,*,#2373,.T.);
#2465=ORIENTED_EDGE('',*,*,#2464,.F.);
#2466=ORIENTED_EDGE('',*,*,#1362,.F.);
#2467=EDGE_LOOP('',(#2461,#2462,#2463,#2465,#2466));
#2468=FACE_OUTER_BOUND('',#2467,.F.);
#2469=ADVANCED_FACE('',(#2468),#2460,.F.);
#2470=CARTESIAN_POINT('',(6.2E0,2.05E0,1.8E-1));
#2471=DIRECTION('',(0.E0,1.E0,0.E0));
#2472=DIRECTION('',(0.E0,0.E0,1.E0));
#2473=AXIS2_PLACEMENT_3D('',#2470,#2471,#2472);
#2474=PLANE('',#2473);
#2475=ORIENTED_EDGE('',*,*,#1364,.F.);
#2476=ORIENTED_EDGE('',*,*,#2464,.T.);
#2477=ORIENTED_EDGE('',*,*,#2382,.T.);
#2479=ORIENTED_EDGE('',*,*,#2478,.F.);
#2480=EDGE_LOOP('',(#2475,#2476,#2477,#2479));
#2481=FACE_OUTER_BOUND('',#2480,.F.);
#2482=ADVANCED_FACE('',(#2481),#2474,.F.);
#2483=CARTESIAN_POINT('',(6.2E0,2.05E0,5.8E-1));
#2484=DIRECTION('',(0.E0,0.E0,-1.E0));
#2485=DIRECTION('',(0.E0,1.E0,0.E0));
#2486=AXIS2_PLACEMENT_3D('',#2483,#2484,#2485);
#2487=PLANE('',#2486);
#2488=ORIENTED_EDGE('',*,*,#1366,.F.);
#2489=ORIENTED_EDGE('',*,*,#2478,.T.);
#2490=ORIENTED_EDGE('',*,*,#2380,.T.);
#2492=ORIENTED_EDGE('',*,*,#2491,.F.);
#2493=EDGE_LOOP('',(#2488,#2489,#2490,#2492));
#2494=FACE_OUTER_BOUND('',#2493,.F.);
#2495=ADVANCED_FACE('',(#2494),#2487,.F.);
#2496=CARTESIAN_POINT('',(6.2E0,2.55E0,5.8E-1));
#2497=DIRECTION('',(0.E0,-7.660444431190E-1,-6.427876096865E-1));
#2498=DIRECTION('',(0.E0,6.427876096865E-1,-7.660444431190E-1));
#2499=AXIS2_PLACEMENT_3D('',#2496,#2497,#2498);
#2500=PLANE('',#2499);
#2501=ORIENTED_EDGE('',*,*,#1436,.F.);
#2502=ORIENTED_EDGE('',*,*,#1368,.F.);
#2503=ORIENTED_EDGE('',*,*,#2491,.T.);
#2504=ORIENTED_EDGE('',*,*,#2378,.T.);
#2505=EDGE_LOOP('',(#2501,#2502,#2503,#2504));
#2506=FACE_OUTER_BOUND('',#2505,.F.);
#2507=ADVANCED_FACE('',(#2506),#2500,.F.);
#2508=CARTESIAN_POINT('',(0.E0,2.7E0,0.E0));
#2509=DIRECTION('',(0.E0,1.E0,0.E0));
#2510=DIRECTION('',(1.E0,0.E0,0.E0));
#2511=AXIS2_PLACEMENT_3D('',#2508,#2509,#2510);
#2512=PLANE('',#2511);
#2513=ORIENTED_EDGE('',*,*,#2270,.T.);
#2515=ORIENTED_EDGE('',*,*,#2514,.F.);
#2517=ORIENTED_EDGE('',*,*,#2516,.F.);
#2518=EDGE_LOOP('',(#2513,#2515,#2517));
#2519=FACE_OUTER_BOUND('',#2518,.F.);
#2520=ADVANCED_FACE('',(#2519),#2512,.T.);
#2521=CARTESIAN_POINT('',(0.E0,-1.05E0,-1.03E0));
#2522=DIRECTION('',(8.137334712067E-1,0.E0,5.812381937191E-1));
#2523=DIRECTION('',(5.812381937191E-1,0.E0,-8.137334712067E-1));
#2524=AXIS2_PLACEMENT_3D('',#2521,#2522,#2523);
#2525=PLANE('',#2524);
#2526=ORIENTED_EDGE('',*,*,#2176,.F.);
#2527=ORIENTED_EDGE('',*,*,#1727,.F.);
#2529=ORIENTED_EDGE('',*,*,#2528,.T.);
#2530=ORIENTED_EDGE('',*,*,#2514,.T.);
#2531=EDGE_LOOP('',(#2526,#2527,#2529,#2530));
#2532=FACE_OUTER_BOUND('',#2531,.F.);
#2533=ADVANCED_FACE('',(#2532),#2525,.T.);
#2534=CARTESIAN_POINT('',(-5.E-1,-1.05E0,-1.73E0));
#2535=DIRECTION('',(-8.137334712067E-1,0.E0,5.812381937191E-1));
#2536=DIRECTION('',(5.812381937191E-1,0.E0,8.137334712067E-1));
#2537=AXIS2_PLACEMENT_3D('',#2534,#2535,#2536);
#2538=PLANE('',#2537);
#2539=ORIENTED_EDGE('',*,*,#2209,.T.);
#2540=ORIENTED_EDGE('',*,*,#2516,.T.);
#2541=ORIENTED_EDGE('',*,*,#2528,.F.);
#2542=ORIENTED_EDGE('',*,*,#1725,.F.);
#2543=EDGE_LOOP('',(#2539,#2540,#2541,#2542));
#2544=FACE_OUTER_BOUND('',#2543,.F.);
#2545=ADVANCED_FACE('',(#2544),#2538,.T.);
#2546=CARTESIAN_POINT('',(3.75E0,2.895E0,-6.1E-1));
#2547=DIRECTION('',(0.E0,-1.E0,0.E0));
#2548=DIRECTION('',(0.E0,0.E0,1.E0));
#2549=AXIS2_PLACEMENT_3D('',#2546,#2547,#2548);
#2550=CYLINDRICAL_SURFACE('',#2549,3.5E-1);
#2552=ORIENTED_EDGE('',*,*,#2551,.F.);
#2554=ORIENTED_EDGE('',*,*,#2553,.T.);
#2556=ORIENTED_EDGE('',*,*,#2555,.T.);
#2557=ORIENTED_EDGE('',*,*,#1585,.F.);
#2558=EDGE_LOOP('',(#2552,#2554,#2556,#2557));
#2559=FACE_OUTER_BOUND('',#2558,.F.);
#2560=ADVANCED_FACE('',(#2559),#2550,.T.);
#2561=CARTESIAN_POINT('',(3.75E0,2.895E0,-6.1E-1));
#2562=DIRECTION('',(0.E0,-1.E0,0.E0));
#2563=DIRECTION('',(0.E0,0.E0,1.E0));
#2564=AXIS2_PLACEMENT_3D('',#2561,#2562,#2563);
#2565=CYLINDRICAL_SURFACE('',#2564,3.5E-1);
#2566=ORIENTED_EDGE('',*,*,#2551,.T.);
#2567=ORIENTED_EDGE('',*,*,#1587,.F.);
#2568=ORIENTED_EDGE('',*,*,#2555,.F.);
#2570=ORIENTED_EDGE('',*,*,#2569,.F.);
#2571=EDGE_LOOP('',(#2566,#2567,#2568,#2570));
#2572=FACE_OUTER_BOUND('',#2571,.F.);
#2573=ADVANCED_FACE('',(#2572),#2565,.T.);
#2574=CARTESIAN_POINT('',(3.75E0,-6.105E0,-2.6E-1));
#2575=CARTESIAN_POINT('',(3.75E0,-6.307096320981E0,-2.6E-1));
#2576=CARTESIAN_POINT('',(3.75E0,-6.45E0,-4.029036790187E-1));
#2577=CARTESIAN_POINT('',(3.75E0,-6.45E0,-6.05E-1));
#2578=CARTESIAN_POINT('',(3.05E0,-6.105E0,-2.6E-1));
#2579=CARTESIAN_POINT('',(3.05E0,-6.307096320981E0,-2.6E-1));
#2580=CARTESIAN_POINT('',(3.335807358037E0,-6.45E0,-4.029036790187E-1));
#2581=CARTESIAN_POINT('',(3.74E0,-6.45E0,-6.05E-1));
#2582=CARTESIAN_POINT('',(3.05E0,-6.105E0,-9.6E-1));
#2583=CARTESIAN_POINT('',(3.05E0,-6.307096320981E0,-9.6E-1));
#2584=CARTESIAN_POINT('',(3.335807358037E0,-6.45E0,-8.170963209813E-1));
#2585=CARTESIAN_POINT('',(3.74E0,-6.45E0,-6.15E-1));
#2586=CARTESIAN_POINT('',(3.75E0,-6.105E0,-9.6E-1));
#2587=CARTESIAN_POINT('',(3.75E0,-6.307096320981E0,-9.6E-1));
#2588=CARTESIAN_POINT('',(3.75E0,-6.45E0,-8.170963209813E-1));
#2589=CARTESIAN_POINT('',(3.75E0,-6.45E0,-6.15E-1));
#2590=(BOUNDED_SURFACE()B_SPLINE_SURFACE(3,3,((#2574,#2575,#2576,#2577),(#2578,
#2579,#2580,#2581),(#2582,#2583,#2584,#2585),(#2586,#2587,#2588,#2589)),
.UNSPECIFIED.,.U.,.U.,.F.)B_SPLINE_SURFACE_WITH_KNOTS((4,4),(4,4),(0.E0,1.E0),
(0.E0,1.E0),.UNSPECIFIED.)GEOMETRIC_REPRESENTATION_ITEM()RATIONAL_B_SPLINE_SURFACE(((2.343145750508E0,1.885618083164E0,1.885618083164E0,2.343145750508E0),
(7.810485835025E-1,6.285393610547E-1,6.285393610547E-1,7.810485835025E-1),
(7.810485835025E-1,6.285393610547E-1,6.285393610547E-1,7.810485835025E-1),
(2.343145750508E0,1.885618083164E0,1.885618083164E0,2.343145750508E0)))REPRESENTATION_ITEM('')SURFACE());
#2592=ORIENTED_EDGE('',*,*,#2591,.T.);
#2593=ORIENTED_EDGE('',*,*,#2569,.T.);
#2595=ORIENTED_EDGE('',*,*,#2594,.F.);
#2597=ORIENTED_EDGE('',*,*,#2596,.F.);
#2598=EDGE_LOOP('',(#2592,#2593,#2595,#2597));
#2599=FACE_OUTER_BOUND('',#2598,.F.);
#2600=ADVANCED_FACE('',(#2599),#2590,.T.);
#2601=CARTESIAN_POINT('',(3.75E0,-6.105E0,-9.6E-1));
#2602=CARTESIAN_POINT('',(3.75E0,-6.307096320981E0,-9.6E-1));
#2603=CARTESIAN_POINT('',(3.75E0,-6.45E0,-8.170963209813E-1));
#2604=CARTESIAN_POINT('',(3.75E0,-6.45E0,-6.15E-1));
#2605=CARTESIAN_POINT('',(4.45E0,-6.105E0,-9.6E-1));
#2606=CARTESIAN_POINT('',(4.45E0,-6.307096320981E0,-9.6E-1));
#2607=CARTESIAN_POINT('',(4.164192641963E0,-6.45E0,-8.170963209813E-1));
#2608=CARTESIAN_POINT('',(3.76E0,-6.45E0,-6.15E-1));
#2609=CARTESIAN_POINT('',(4.45E0,-6.105E0,-2.6E-1));
#2610=CARTESIAN_POINT('',(4.45E0,-6.307096320981E0,-2.6E-1));
#2611=CARTESIAN_POINT('',(4.164192641963E0,-6.45E0,-4.029036790187E-1));
#2612=CARTESIAN_POINT('',(3.76E0,-6.45E0,-6.05E-1));
#2613=CARTESIAN_POINT('',(3.75E0,-6.105E0,-2.6E-1));
#2614=CARTESIAN_POINT('',(3.75E0,-6.307096320981E0,-2.6E-1));
#2615=CARTESIAN_POINT('',(3.75E0,-6.45E0,-4.029036790187E-1));
#2616=CARTESIAN_POINT('',(3.75E0,-6.45E0,-6.05E-1));
#2617=(BOUNDED_SURFACE()B_SPLINE_SURFACE(3,3,((#2601,#2602,#2603,#2604),(#2605,
#2606,#2607,#2608),(#2609,#2610,#2611,#2612),(#2613,#2614,#2615,#2616)),
.UNSPECIFIED.,.U.,.U.,.F.)B_SPLINE_SURFACE_WITH_KNOTS((4,4),(4,4),(0.E0,1.E0),
(0.E0,1.E0),.UNSPECIFIED.)GEOMETRIC_REPRESENTATION_ITEM()RATIONAL_B_SPLINE_SURFACE(((2.343145750508E0,1.885618083164E0,1.885618083164E0,2.343145750508E0),
(7.810485835025E-1,6.285393610547E-1,6.285393610547E-1,7.810485835025E-1),
(7.810485835025E-1,6.285393610547E-1,6.285393610547E-1,7.810485835025E-1),
(2.343145750508E0,1.885618083164E0,1.885618083164E0,2.343145750508E0)))REPRESENTATION_ITEM('')SURFACE());
#2618=ORIENTED_EDGE('',*,*,#2591,.F.);
#2620=ORIENTED_EDGE('',*,*,#2619,.T.);
#2621=ORIENTED_EDGE('',*,*,#2594,.T.);
#2622=ORIENTED_EDGE('',*,*,#2553,.F.);
#2623=EDGE_LOOP('',(#2618,#2620,#2621,#2622));
#2624=FACE_OUTER_BOUND('',#2623,.F.);
#2625=ADVANCED_FACE('',(#2624),#2617,.T.);
#2626=CARTESIAN_POINT('',(3.75E0,-6.45E0,-6.1E-1));
#2627=DIRECTION('',(0.E0,-1.E0,0.E0));
#2628=DIRECTION('',(0.E0,0.E0,1.E0));
#2629=AXIS2_PLACEMENT_3D('',#2626,#2627,#2628);
#2630=PLANE('',#2629);
#2631=ORIENTED_EDGE('',*,*,#2596,.T.);
#2632=ORIENTED_EDGE('',*,*,#2619,.F.);
#2633=EDGE_LOOP('',(#2631,#2632));
#2634=FACE_OUTER_BOUND('',#2633,.F.);
#2635=ADVANCED_FACE('',(#2634),#2630,.T.);
#2636=CARTESIAN_POINT('',(1.25E0,2.895E0,-6.1E-1));
#2637=DIRECTION('',(0.E0,-1.E0,0.E0));
#2638=DIRECTION('',(0.E0,0.E0,1.E0));
#2639=AXIS2_PLACEMENT_3D('',#2636,#2637,#2638);
#2640=CYLINDRICAL_SURFACE('',#2639,3.5E-1);
#2641=ORIENTED_EDGE('',*,*,#1591,.F.);
#2643=ORIENTED_EDGE('',*,*,#2642,.F.);
#2645=ORIENTED_EDGE('',*,*,#2644,.T.);
#2647=ORIENTED_EDGE('',*,*,#2646,.T.);
#2648=EDGE_LOOP('',(#2641,#2643,#2645,#2647));
#2649=FACE_OUTER_BOUND('',#2648,.F.);
#2650=ADVANCED_FACE('',(#2649),#2640,.T.);
#2651=CARTESIAN_POINT('',(1.25E0,2.895E0,-6.1E-1));
#2652=DIRECTION('',(0.E0,-1.E0,0.E0));
#2653=DIRECTION('',(0.E0,0.E0,1.E0));
#2654=AXIS2_PLACEMENT_3D('',#2651,#2652,#2653);
#2655=CYLINDRICAL_SURFACE('',#2654,3.5E-1);
#2656=ORIENTED_EDGE('',*,*,#1593,.F.);
#2657=ORIENTED_EDGE('',*,*,#2646,.F.);
#2659=ORIENTED_EDGE('',*,*,#2658,.F.);
#2660=ORIENTED_EDGE('',*,*,#2642,.T.);
#2661=EDGE_LOOP('',(#2656,#2657,#2659,#2660));
#2662=FACE_OUTER_BOUND('',#2661,.F.);
#2663=ADVANCED_FACE('',(#2662),#2655,.T.);
#2664=CARTESIAN_POINT('',(1.25E0,-6.105E0,-2.6E-1));
#2665=CARTESIAN_POINT('',(1.25E0,-6.307096320981E0,-2.6E-1));
#2666=CARTESIAN_POINT('',(1.25E0,-6.45E0,-4.029036790187E-1));
#2667=CARTESIAN_POINT('',(1.25E0,-6.45E0,-6.05E-1));
#2668=CARTESIAN_POINT('',(5.5E-1,-6.105E0,-2.6E-1));
#2669=CARTESIAN_POINT('',(5.5E-1,-6.307096320981E0,-2.6E-1));
#2670=CARTESIAN_POINT('',(8.358073580374E-1,-6.45E0,-4.029036790187E-1));
#2671=CARTESIAN_POINT('',(1.24E0,-6.45E0,-6.05E-1));
#2672=CARTESIAN_POINT('',(5.5E-1,-6.105E0,-9.6E-1));
#2673=CARTESIAN_POINT('',(5.5E-1,-6.307096320981E0,-9.6E-1));
#2674=CARTESIAN_POINT('',(8.358073580374E-1,-6.45E0,-8.170963209813E-1));
#2675=CARTESIAN_POINT('',(1.24E0,-6.45E0,-6.15E-1));
#2676=CARTESIAN_POINT('',(1.25E0,-6.105E0,-9.6E-1));
#2677=CARTESIAN_POINT('',(1.25E0,-6.307096320981E0,-9.6E-1));
#2678=CARTESIAN_POINT('',(1.25E0,-6.45E0,-8.170963209813E-1));
#2679=CARTESIAN_POINT('',(1.25E0,-6.45E0,-6.15E-1));
#2680=(BOUNDED_SURFACE()B_SPLINE_SURFACE(3,3,((#2664,#2665,#2666,#2667),(#2668,
#2669,#2670,#2671),(#2672,#2673,#2674,#2675),(#2676,#2677,#2678,#2679)),
.UNSPECIFIED.,.U.,.U.,.F.)B_SPLINE_SURFACE_WITH_KNOTS((4,4),(4,4),(0.E0,1.E0),
(0.E0,1.E0),.UNSPECIFIED.)GEOMETRIC_REPRESENTATION_ITEM()RATIONAL_B_SPLINE_SURFACE(((2.343145750508E0,1.885618083164E0,1.885618083164E0,2.343145750508E0),
(7.810485835025E-1,6.285393610547E-1,6.285393610547E-1,7.810485835025E-1),
(7.810485835025E-1,6.285393610547E-1,6.285393610547E-1,7.810485835025E-1),
(2.343145750508E0,1.885618083164E0,1.885618083164E0,2.343145750508E0)))REPRESENTATION_ITEM('')SURFACE());
#2682=ORIENTED_EDGE('',*,*,#2681,.T.);
#2683=ORIENTED_EDGE('',*,*,#2658,.T.);
#2685=ORIENTED_EDGE('',*,*,#2684,.F.);
#2687=ORIENTED_EDGE('',*,*,#2686,.F.);
#2688=EDGE_LOOP('',(#2682,#2683,#2685,#2687));
#2689=FACE_OUTER_BOUND('',#2688,.F.);
#2690=ADVANCED_FACE('',(#2689),#2680,.T.);
#2691=CARTESIAN_POINT('',(1.25E0,-6.105E0,-9.6E-1));
#2692=CARTESIAN_POINT('',(1.25E0,-6.307096320981E0,-9.6E-1));
#2693=CARTESIAN_POINT('',(1.25E0,-6.45E0,-8.170963209813E-1));
#2694=CARTESIAN_POINT('',(1.25E0,-6.45E0,-6.15E-1));
#2695=CARTESIAN_POINT('',(1.95E0,-6.105E0,-9.6E-1));
#2696=CARTESIAN_POINT('',(1.95E0,-6.307096320981E0,-9.6E-1));
#2697=CARTESIAN_POINT('',(1.664192641963E0,-6.45E0,-8.170963209813E-1));
#2698=CARTESIAN_POINT('',(1.26E0,-6.45E0,-6.15E-1));
#2699=CARTESIAN_POINT('',(1.95E0,-6.105E0,-2.6E-1));
#2700=CARTESIAN_POINT('',(1.95E0,-6.307096320981E0,-2.6E-1));
#2701=CARTESIAN_POINT('',(1.664192641963E0,-6.45E0,-4.029036790187E-1));
#2702=CARTESIAN_POINT('',(1.26E0,-6.45E0,-6.05E-1));
#2703=CARTESIAN_POINT('',(1.25E0,-6.105E0,-2.6E-1));
#2704=CARTESIAN_POINT('',(1.25E0,-6.307096320981E0,-2.6E-1));
#2705=CARTESIAN_POINT('',(1.25E0,-6.45E0,-4.029036790187E-1));
#2706=CARTESIAN_POINT('',(1.25E0,-6.45E0,-6.05E-1));
#2707=(BOUNDED_SURFACE()B_SPLINE_SURFACE(3,3,((#2691,#2692,#2693,#2694),(#2695,
#2696,#2697,#2698),(#2699,#2700,#2701,#2702),(#2703,#2704,#2705,#2706)),
.UNSPECIFIED.,.U.,.U.,.F.)B_SPLINE_SURFACE_WITH_KNOTS((4,4),(4,4),(0.E0,1.E0),
(0.E0,1.E0),.UNSPECIFIED.)GEOMETRIC_REPRESENTATION_ITEM()RATIONAL_B_SPLINE_SURFACE(((2.343145750508E0,1.885618083164E0,1.885618083164E0,2.343145750508E0),
(7.810485835025E-1,6.285393610547E-1,6.285393610547E-1,7.810485835025E-1),
(7.810485835025E-1,6.285393610547E-1,6.285393610547E-1,7.810485835025E-1),
(2.343145750508E0,1.885618083164E0,1.885618083164E0,2.343145750508E0)))REPRESENTATION_ITEM('')SURFACE());
#2708=ORIENTED_EDGE('',*,*,#2681,.F.);
#2710=ORIENTED_EDGE('',*,*,#2709,.T.);
#2711=ORIENTED_EDGE('',*,*,#2684,.T.);
#2712=ORIENTED_EDGE('',*,*,#2644,.F.);
#2713=EDGE_LOOP('',(#2708,#2710,#2711,#2712));
#2714=FACE_OUTER_BOUND('',#2713,.F.);
#2715=ADVANCED_FACE('',(#2714),#2707,.T.);
#2716=CARTESIAN_POINT('',(1.25E0,-6.45E0,-6.1E-1));
#2717=DIRECTION('',(0.E0,-1.E0,0.E0));
#2718=DIRECTION('',(0.E0,0.E0,1.E0));
#2719=AXIS2_PLACEMENT_3D('',#2716,#2717,#2718);
#2720=PLANE('',#2719);
#2721=ORIENTED_EDGE('',*,*,#2686,.T.);
#2722=ORIENTED_EDGE('',*,*,#2709,.F.);
#2723=EDGE_LOOP('',(#2721,#2722));
#2724=FACE_OUTER_BOUND('',#2723,.F.);
#2725=ADVANCED_FACE('',(#2724),#2720,.T.);
#2726=CARTESIAN_POINT('',(-1.25E0,2.895E0,-6.1E-1));
#2727=DIRECTION('',(0.E0,-1.E0,0.E0));
#2728=DIRECTION('',(0.E0,0.E0,1.E0));
#2729=AXIS2_PLACEMENT_3D('',#2726,#2727,#2728);
#2730=CYLINDRICAL_SURFACE('',#2729,3.5E-1);
#2731=ORIENTED_EDGE('',*,*,#1597,.F.);
#2733=ORIENTED_EDGE('',*,*,#2732,.F.);
#2735=ORIENTED_EDGE('',*,*,#2734,.T.);
#2737=ORIENTED_EDGE('',*,*,#2736,.T.);
#2738=EDGE_LOOP('',(#2731,#2733,#2735,#2737));
#2739=FACE_OUTER_BOUND('',#2738,.F.);
#2740=ADVANCED_FACE('',(#2739),#2730,.T.);
#2741=CARTESIAN_POINT('',(-1.25E0,2.895E0,-6.1E-1));
#2742=DIRECTION('',(0.E0,-1.E0,0.E0));
#2743=DIRECTION('',(0.E0,0.E0,1.E0));
#2744=AXIS2_PLACEMENT_3D('',#2741,#2742,#2743);
#2745=CYLINDRICAL_SURFACE('',#2744,3.5E-1);
#2746=ORIENTED_EDGE('',*,*,#1599,.F.);
#2747=ORIENTED_EDGE('',*,*,#2736,.F.);
#2749=ORIENTED_EDGE('',*,*,#2748,.F.);
#2750=ORIENTED_EDGE('',*,*,#2732,.T.);
#2751=EDGE_LOOP('',(#2746,#2747,#2749,#2750));
#2752=FACE_OUTER_BOUND('',#2751,.F.);
#2753=ADVANCED_FACE('',(#2752),#2745,.T.);
#2754=CARTESIAN_POINT('',(-1.25E0,-6.105E0,-2.6E-1));
#2755=CARTESIAN_POINT('',(-1.25E0,-6.307096320981E0,-2.6E-1));
#2756=CARTESIAN_POINT('',(-1.25E0,-6.45E0,-4.029036790187E-1));
#2757=CARTESIAN_POINT('',(-1.25E0,-6.45E0,-6.05E-1));
#2758=CARTESIAN_POINT('',(-1.95E0,-6.105E0,-2.6E-1));
#2759=CARTESIAN_POINT('',(-1.95E0,-6.307096320981E0,-2.6E-1));
#2760=CARTESIAN_POINT('',(-1.664192641963E0,-6.45E0,-4.029036790187E-1));
#2761=CARTESIAN_POINT('',(-1.26E0,-6.45E0,-6.05E-1));
#2762=CARTESIAN_POINT('',(-1.95E0,-6.105E0,-9.6E-1));
#2763=CARTESIAN_POINT('',(-1.95E0,-6.307096320981E0,-9.6E-1));
#2764=CARTESIAN_POINT('',(-1.664192641963E0,-6.45E0,-8.170963209813E-1));
#2765=CARTESIAN_POINT('',(-1.26E0,-6.45E0,-6.15E-1));
#2766=CARTESIAN_POINT('',(-1.25E0,-6.105E0,-9.6E-1));
#2767=CARTESIAN_POINT('',(-1.25E0,-6.307096320981E0,-9.6E-1));
#2768=CARTESIAN_POINT('',(-1.25E0,-6.45E0,-8.170963209813E-1));
#2769=CARTESIAN_POINT('',(-1.25E0,-6.45E0,-6.15E-1));
#2770=(BOUNDED_SURFACE()B_SPLINE_SURFACE(3,3,((#2754,#2755,#2756,#2757),(#2758,
#2759,#2760,#2761),(#2762,#2763,#2764,#2765),(#2766,#2767,#2768,#2769)),
.UNSPECIFIED.,.U.,.U.,.F.)B_SPLINE_SURFACE_WITH_KNOTS((4,4),(4,4),(0.E0,1.E0),
(0.E0,1.E0),.UNSPECIFIED.)GEOMETRIC_REPRESENTATION_ITEM()RATIONAL_B_SPLINE_SURFACE(((2.343145750508E0,1.885618083164E0,1.885618083164E0,2.343145750508E0),
(7.810485835025E-1,6.285393610547E-1,6.285393610547E-1,7.810485835025E-1),
(7.810485835025E-1,6.285393610547E-1,6.285393610547E-1,7.810485835025E-1),
(2.343145750508E0,1.885618083164E0,1.885618083164E0,2.343145750508E0)))REPRESENTATION_ITEM('')SURFACE());
#2772=ORIENTED_EDGE('',*,*,#2771,.T.);
#2773=ORIENTED_EDGE('',*,*,#2748,.T.);
#2775=ORIENTED_EDGE('',*,*,#2774,.F.);
#2777=ORIENTED_EDGE('',*,*,#2776,.F.);
#2778=EDGE_LOOP('',(#2772,#2773,#2775,#2777));
#2779=FACE_OUTER_BOUND('',#2778,.F.);
#2780=ADVANCED_FACE('',(#2779),#2770,.T.);
#2781=CARTESIAN_POINT('',(-1.25E0,-6.105E0,-9.6E-1));
#2782=CARTESIAN_POINT('',(-1.25E0,-6.307096320981E0,-9.6E-1));
#2783=CARTESIAN_POINT('',(-1.25E0,-6.45E0,-8.170963209813E-1));
#2784=CARTESIAN_POINT('',(-1.25E0,-6.45E0,-6.15E-1));
#2785=CARTESIAN_POINT('',(-5.5E-1,-6.105E0,-9.6E-1));
#2786=CARTESIAN_POINT('',(-5.5E-1,-6.307096320981E0,-9.6E-1));
#2787=CARTESIAN_POINT('',(-8.358073580374E-1,-6.45E0,-8.170963209813E-1));
#2788=CARTESIAN_POINT('',(-1.24E0,-6.45E0,-6.15E-1));
#2789=CARTESIAN_POINT('',(-5.5E-1,-6.105E0,-2.6E-1));
#2790=CARTESIAN_POINT('',(-5.5E-1,-6.307096320981E0,-2.6E-1));
#2791=CARTESIAN_POINT('',(-8.358073580374E-1,-6.45E0,-4.029036790187E-1));
#2792=CARTESIAN_POINT('',(-1.24E0,-6.45E0,-6.05E-1));
#2793=CARTESIAN_POINT('',(-1.25E0,-6.105E0,-2.6E-1));
#2794=CARTESIAN_POINT('',(-1.25E0,-6.307096320981E0,-2.6E-1));
#2795=CARTESIAN_POINT('',(-1.25E0,-6.45E0,-4.029036790187E-1));
#2796=CARTESIAN_POINT('',(-1.25E0,-6.45E0,-6.05E-1));
#2797=(BOUNDED_SURFACE()B_SPLINE_SURFACE(3,3,((#2781,#2782,#2783,#2784),(#2785,
#2786,#2787,#2788),(#2789,#2790,#2791,#2792),(#2793,#2794,#2795,#2796)),
.UNSPECIFIED.,.U.,.U.,.F.)B_SPLINE_SURFACE_WITH_KNOTS((4,4),(4,4),(0.E0,1.E0),
(0.E0,1.E0),.UNSPECIFIED.)GEOMETRIC_REPRESENTATION_ITEM()RATIONAL_B_SPLINE_SURFACE(((2.343145750508E0,1.885618083164E0,1.885618083164E0,2.343145750508E0),
(7.810485835025E-1,6.285393610547E-1,6.285393610547E-1,7.810485835025E-1),
(7.810485835025E-1,6.285393610547E-1,6.285393610547E-1,7.810485835025E-1),
(2.343145750508E0,1.885618083164E0,1.885618083164E0,2.343145750508E0)))REPRESENTATION_ITEM('')SURFACE());
#2798=ORIENTED_EDGE('',*,*,#2771,.F.);
#2800=ORIENTED_EDGE('',*,*,#2799,.T.);
#2801=ORIENTED_EDGE('',*,*,#2774,.T.);
#2802=ORIENTED_EDGE('',*,*,#2734,.F.);
#2803=EDGE_LOOP('',(#2798,#2800,#2801,#2802));
#2804=FACE_OUTER_BOUND('',#2803,.F.);
#2805=ADVANCED_FACE('',(#2804),#2797,.T.);
#2806=CARTESIAN_POINT('',(-1.25E0,-6.45E0,-6.1E-1));
#2807=DIRECTION('',(0.E0,-1.E0,0.E0));
#2808=DIRECTION('',(0.E0,0.E0,1.E0));
#2809=AXIS2_PLACEMENT_3D('',#2806,#2807,#2808);
#2810=PLANE('',#2809);
#2811=ORIENTED_EDGE('',*,*,#2776,.T.);
#2812=ORIENTED_EDGE('',*,*,#2799,.F.);
#2813=EDGE_LOOP('',(#2811,#2812));
#2814=FACE_OUTER_BOUND('',#2813,.F.);
#2815=ADVANCED_FACE('',(#2814),#2810,.T.);
#2816=CARTESIAN_POINT('',(-3.75E0,2.895E0,-6.1E-1));
#2817=DIRECTION('',(0.E0,-1.E0,0.E0));
#2818=DIRECTION('',(0.E0,0.E0,1.E0));
#2819=AXIS2_PLACEMENT_3D('',#2816,#2817,#2818);
#2820=CYLINDRICAL_SURFACE('',#2819,3.5E-1);
#2821=ORIENTED_EDGE('',*,*,#1603,.F.);
#2823=ORIENTED_EDGE('',*,*,#2822,.F.);
#2825=ORIENTED_EDGE('',*,*,#2824,.T.);
#2827=ORIENTED_EDGE('',*,*,#2826,.T.);
#2828=EDGE_LOOP('',(#2821,#2823,#2825,#2827));
#2829=FACE_OUTER_BOUND('',#2828,.F.);
#2830=ADVANCED_FACE('',(#2829),#2820,.T.);
#2831=CARTESIAN_POINT('',(-3.75E0,2.895E0,-6.1E-1));
#2832=DIRECTION('',(0.E0,-1.E0,0.E0));
#2833=DIRECTION('',(0.E0,0.E0,1.E0));
#2834=AXIS2_PLACEMENT_3D('',#2831,#2832,#2833);
#2835=CYLINDRICAL_SURFACE('',#2834,3.5E-1);
#2836=ORIENTED_EDGE('',*,*,#1605,.F.);
#2837=ORIENTED_EDGE('',*,*,#2826,.F.);
#2839=ORIENTED_EDGE('',*,*,#2838,.F.);
#2840=ORIENTED_EDGE('',*,*,#2822,.T.);
#2841=EDGE_LOOP('',(#2836,#2837,#2839,#2840));
#2842=FACE_OUTER_BOUND('',#2841,.F.);
#2843=ADVANCED_FACE('',(#2842),#2835,.T.);
#2844=CARTESIAN_POINT('',(-3.75E0,-6.105E0,-2.6E-1));
#2845=CARTESIAN_POINT('',(-3.75E0,-6.307096320981E0,-2.6E-1));
#2846=CARTESIAN_POINT('',(-3.75E0,-6.45E0,-4.029036790187E-1));
#2847=CARTESIAN_POINT('',(-3.75E0,-6.45E0,-6.05E-1));
#2848=CARTESIAN_POINT('',(-4.45E0,-6.105E0,-2.6E-1));
#2849=CARTESIAN_POINT('',(-4.45E0,-6.307096320981E0,-2.6E-1));
#2850=CARTESIAN_POINT('',(-4.164192641963E0,-6.45E0,-4.029036790187E-1));
#2851=CARTESIAN_POINT('',(-3.76E0,-6.45E0,-6.05E-1));
#2852=CARTESIAN_POINT('',(-4.45E0,-6.105E0,-9.6E-1));
#2853=CARTESIAN_POINT('',(-4.45E0,-6.307096320981E0,-9.6E-1));
#2854=CARTESIAN_POINT('',(-4.164192641963E0,-6.45E0,-8.170963209813E-1));
#2855=CARTESIAN_POINT('',(-3.76E0,-6.45E0,-6.15E-1));
#2856=CARTESIAN_POINT('',(-3.75E0,-6.105E0,-9.6E-1));
#2857=CARTESIAN_POINT('',(-3.75E0,-6.307096320981E0,-9.6E-1));
#2858=CARTESIAN_POINT('',(-3.75E0,-6.45E0,-8.170963209813E-1));
#2859=CARTESIAN_POINT('',(-3.75E0,-6.45E0,-6.15E-1));
#2860=(BOUNDED_SURFACE()B_SPLINE_SURFACE(3,3,((#2844,#2845,#2846,#2847),(#2848,
#2849,#2850,#2851),(#2852,#2853,#2854,#2855),(#2856,#2857,#2858,#2859)),
.UNSPECIFIED.,.U.,.U.,.F.)B_SPLINE_SURFACE_WITH_KNOTS((4,4),(4,4),(0.E0,1.E0),
(0.E0,1.E0),.UNSPECIFIED.)GEOMETRIC_REPRESENTATION_ITEM()RATIONAL_B_SPLINE_SURFACE(((2.343145750508E0,1.885618083164E0,1.885618083164E0,2.343145750508E0),
(7.810485835025E-1,6.285393610547E-1,6.285393610547E-1,7.810485835025E-1),
(7.810485835025E-1,6.285393610547E-1,6.285393610547E-1,7.810485835025E-1),
(2.343145750508E0,1.885618083164E0,1.885618083164E0,2.343145750508E0)))REPRESENTATION_ITEM('')SURFACE());
#2862=ORIENTED_EDGE('',*,*,#2861,.T.);
#2863=ORIENTED_EDGE('',*,*,#2838,.T.);
#2865=ORIENTED_EDGE('',*,*,#2864,.F.);
#2867=ORIENTED_EDGE('',*,*,#2866,.F.);
#2868=EDGE_LOOP('',(#2862,#2863,#2865,#2867));
#2869=FACE_OUTER_BOUND('',#2868,.F.);
#2870=ADVANCED_FACE('',(#2869),#2860,.T.);
#2871=CARTESIAN_POINT('',(-3.75E0,-6.105E0,-9.6E-1));
#2872=CARTESIAN_POINT('',(-3.75E0,-6.307096320981E0,-9.6E-1));
#2873=CARTESIAN_POINT('',(-3.75E0,-6.45E0,-8.170963209813E-1));
#2874=CARTESIAN_POINT('',(-3.75E0,-6.45E0,-6.15E-1));
#2875=CARTESIAN_POINT('',(-3.05E0,-6.105E0,-9.6E-1));
#2876=CARTESIAN_POINT('',(-3.05E0,-6.307096320981E0,-9.6E-1));
#2877=CARTESIAN_POINT('',(-3.335807358037E0,-6.45E0,-8.170963209813E-1));
#2878=CARTESIAN_POINT('',(-3.74E0,-6.45E0,-6.15E-1));
#2879=CARTESIAN_POINT('',(-3.05E0,-6.105E0,-2.6E-1));
#2880=CARTESIAN_POINT('',(-3.05E0,-6.307096320981E0,-2.6E-1));
#2881=CARTESIAN_POINT('',(-3.335807358037E0,-6.45E0,-4.029036790187E-1));
#2882=CARTESIAN_POINT('',(-3.74E0,-6.45E0,-6.05E-1));
#2883=CARTESIAN_POINT('',(-3.75E0,-6.105E0,-2.6E-1));
#2884=CARTESIAN_POINT('',(-3.75E0,-6.307096320981E0,-2.6E-1));
#2885=CARTESIAN_POINT('',(-3.75E0,-6.45E0,-4.029036790187E-1));
#2886=CARTESIAN_POINT('',(-3.75E0,-6.45E0,-6.05E-1));
#2887=(BOUNDED_SURFACE()B_SPLINE_SURFACE(3,3,((#2871,#2872,#2873,#2874),(#2875,
#2876,#2877,#2878),(#2879,#2880,#2881,#2882),(#2883,#2884,#2885,#2886)),
.UNSPECIFIED.,.U.,.U.,.F.)B_SPLINE_SURFACE_WITH_KNOTS((4,4),(4,4),(0.E0,1.E0),
(0.E0,1.E0),.UNSPECIFIED.)GEOMETRIC_REPRESENTATION_ITEM()RATIONAL_B_SPLINE_SURFACE(((2.343145750508E0,1.885618083164E0,1.885618083164E0,2.343145750508E0),
(7.810485835025E-1,6.285393610547E-1,6.285393610547E-1,7.810485835025E-1),
(7.810485835025E-1,6.285393610547E-1,6.285393610547E-1,7.810485835025E-1),
(2.343145750508E0,1.885618083164E0,1.885618083164E0,2.343145750508E0)))REPRESENTATION_ITEM('')SURFACE());
#2888=ORIENTED_EDGE('',*,*,#2861,.F.);
#2890=ORIENTED_EDGE('',*,*,#2889,.T.);
#2891=ORIENTED_EDGE('',*,*,#2864,.T.);
#2892=ORIENTED_EDGE('',*,*,#2824,.F.);
#2893=EDGE_LOOP('',(#2888,#2890,#2891,#2892));
#2894=FACE_OUTER_BOUND('',#2893,.F.);
#2895=ADVANCED_FACE('',(#2894),#2887,.T.);
#2896=CARTESIAN_POINT('',(-3.75E0,-6.45E0,-6.1E-1));
#2897=DIRECTION('',(0.E0,-1.E0,0.E0));
#2898=DIRECTION('',(0.E0,0.E0,1.E0));
#2899=AXIS2_PLACEMENT_3D('',#2896,#2897,#2898);
#2900=PLANE('',#2899);
#2901=ORIENTED_EDGE('',*,*,#2866,.T.);
#2902=ORIENTED_EDGE('',*,*,#2889,.F.);
#2903=EDGE_LOOP('',(#2901,#2902));
#2904=FACE_OUTER_BOUND('',#2903,.F.);
#2905=ADVANCED_FACE('',(#2904),#2900,.T.);
#2906=CLOSED_SHELL('',(#1272,#1288,#1303,#1321,#1335,#1353,#1376,#1391,#1413,
#1444,#1459,#1475,#1495,#1508,#1529,#1543,#1564,#1609,#1624,#1638,#1652,#1665,
#1683,#1700,#1713,#1780,#1795,#1808,#1835,#1860,#1870,#1885,#1898,#1925,#1950,
#1960,#1975,#1988,#2015,#2040,#2050,#2065,#2078,#2105,#2130,#2140,#2155,#2170,
#2185,#2199,#2214,#2228,#2241,#2253,#2275,#2287,#2299,#2311,#2324,#2336,#2350,
#2367,#2386,#2399,#2411,#2425,#2443,#2455,#2469,#2482,#2495,#2507,#2520,#2533,
#2545,#2560,#2573,#2600,#2625,#2635,#2650,#2663,#2690,#2715,#2725,#2740,#2753,
#2780,#2805,#2815,#2830,#2843,#2870,#2895,#2905));
#2907=MANIFOLD_SOLID_BREP('',#2906);
#2908=(LENGTH_UNIT()NAMED_UNIT(*)SI_UNIT(.MILLI.,.METRE.));
#2909=DIMENSIONAL_EXPONENTS(0.E0,0.E0,0.E0,0.E0,0.E0,0.E0,0.E0);
#2910=(NAMED_UNIT(*)PLANE_ANGLE_UNIT()SI_UNIT($,.RADIAN.));
#2911=PLANE_ANGLE_MEASURE_WITH_UNIT(PLANE_ANGLE_MEASURE(1.745329251994E-2),
#2910);
#2912=(CONVERSION_BASED_UNIT('DEGREE',#2911)NAMED_UNIT(#2909)PLANE_ANGLE_UNIT
());
#2913=(NAMED_UNIT(*)SI_UNIT($,.STERADIAN.)SOLID_ANGLE_UNIT());
#2914=UNCERTAINTY_MEASURE_WITH_UNIT(LENGTH_MEASURE(1.E-3),#2908,'closure',
'Maximum model space distance between geometric entities at asserted connectivities');
#2915=(GEOMETRIC_REPRESENTATION_CONTEXT(3)GLOBAL_UNCERTAINTY_ASSIGNED_CONTEXT(
(#2914))GLOBAL_UNIT_ASSIGNED_CONTEXT((#2908,#2912,#2913))REPRESENTATION_CONTEXT
('ID1','3'));
#2917=APPLICATION_CONTEXT
('CONFIGURATION CONTROLLED 3D DESIGNS OF MECHANICAL PARTS AND ASSEMBLIES');
#2918=APPLICATION_PROTOCOL_DEFINITION('international standard',
'config_control_design',1994,#2917);
#2919=DESIGN_CONTEXT('',#2917,'design');
#2920=MECHANICAL_CONTEXT('',#2917,'mechanical');
#2921=PRODUCT('022035045','022035045','NOT SPECIFIED',(#2920));
#2922=PRODUCT_DEFINITION_FORMATION_WITH_SPECIFIED_SOURCE('1','LAST_VERSION',
#2921,.MADE.);
#2926=PRODUCT_CATEGORY('part','');
#2927=PRODUCT_RELATED_PRODUCT_CATEGORY('detail','',(#2921));
#2928=PRODUCT_CATEGORY_RELATIONSHIP('','',#2926,#2927);
#2929=SECURITY_CLASSIFICATION_LEVEL('unclassified');
#2930=SECURITY_CLASSIFICATION('','',#2929);
#2931=CC_DESIGN_SECURITY_CLASSIFICATION(#2930,(#2922));
#2932=APPROVAL_STATUS('approved');
#2933=APPROVAL(#2932,'');
#2934=CC_DESIGN_APPROVAL(#2933,(#2930,#2922,#2923));
#2935=CALENDAR_DATE(103,17,11);
#2936=COORDINATED_UNIVERSAL_TIME_OFFSET(8,0,.BEHIND.);
#2937=LOCAL_TIME(15,10,4.2E1,#2936);
#2938=DATE_AND_TIME(#2935,#2937);
#2939=APPROVAL_DATE_TIME(#2938,#2933);
#2940=DATE_TIME_ROLE('creation_date');
#2941=CC_DESIGN_DATE_AND_TIME_ASSIGNMENT(#2938,#2940,(#2923));
#2942=DATE_TIME_ROLE('classification_date');
#2943=CC_DESIGN_DATE_AND_TIME_ASSIGNMENT(#2938,#2942,(#2930));
#2944=PERSON('UNSPECIFIED','UNSPECIFIED',$,$,$,$);
#2945=ORGANIZATION('UNSPECIFIED','UNSPECIFIED','UNSPECIFIED');
#2946=PERSON_AND_ORGANIZATION(#2944,#2945);
#2947=APPROVAL_ROLE('approver');
#2948=APPROVAL_PERSON_ORGANIZATION(#2946,#2933,#2947);
#2949=PERSON_AND_ORGANIZATION_ROLE('creator');
#2950=CC_DESIGN_PERSON_AND_ORGANIZATION_ASSIGNMENT(#2946,#2949,(#2922,#2923));
#2951=PERSON_AND_ORGANIZATION_ROLE('design_supplier');
#2952=CC_DESIGN_PERSON_AND_ORGANIZATION_ASSIGNMENT(#2946,#2951,(#2922));
#2953=PERSON_AND_ORGANIZATION_ROLE('classification_officer');
#2954=CC_DESIGN_PERSON_AND_ORGANIZATION_ASSIGNMENT(#2946,#2953,(#2930));
#2955=PERSON_AND_ORGANIZATION_ROLE('design_owner');
#2956=CC_DESIGN_PERSON_AND_ORGANIZATION_ASSIGNMENT(#2946,#2955,(#2921));
#257=CIRCLE('',#256,3.5E-1);
#262=CIRCLE('',#261,3.5E-1);
#267=CIRCLE('',#266,3.5E-1);
#272=CIRCLE('',#271,3.5E-1);
#277=CIRCLE('',#276,3.5E-1);
#282=CIRCLE('',#281,3.5E-1);
#287=CIRCLE('',#286,3.5E-1);
#292=CIRCLE('',#291,3.5E-1);
#345=CIRCLE('',#344,3.5E-1);
#350=CIRCLE('',#349,3.5E-1);
#355=CIRCLE('',#354,3.5E-1);
#360=CIRCLE('',#359,3.5E-1);
#365=CIRCLE('',#364,3.5E-1);
#370=CIRCLE('',#369,3.5E-1);
#375=CIRCLE('',#374,3.5E-1);
#380=CIRCLE('',#379,3.5E-1);
#469=CIRCLE('',#468,3.45E-1);
#474=CIRCLE('',#473,3.45E-1);
#479=CIRCLE('',#478,3.5E-1);
#484=CIRCLE('',#483,3.5E-1);
#489=CIRCLE('',#488,5.E-3);
#494=CIRCLE('',#493,5.E-3);
#507=CIRCLE('',#506,3.45E-1);
#512=CIRCLE('',#511,3.45E-1);
#517=CIRCLE('',#516,3.5E-1);
#522=CIRCLE('',#521,3.5E-1);
#527=CIRCLE('',#526,5.E-3);
#532=CIRCLE('',#531,5.E-3);
#545=CIRCLE('',#544,3.45E-1);
#550=CIRCLE('',#549,3.45E-1);
#555=CIRCLE('',#554,3.5E-1);
#560=CIRCLE('',#559,3.5E-1);
#565=CIRCLE('',#564,5.E-3);
#570=CIRCLE('',#569,5.E-3);
#583=CIRCLE('',#582,3.45E-1);
#588=CIRCLE('',#587,3.45E-1);
#593=CIRCLE('',#592,3.5E-1);
#598=CIRCLE('',#597,3.5E-1);
#603=CIRCLE('',#602,5.E-3);
#608=CIRCLE('',#607,5.E-3);
#825=CIRCLE('',#824,3.5E-1);
#838=CIRCLE('',#837,3.5E-1);
#843=CIRCLE('',#842,3.45E-1);
#848=CIRCLE('',#847,3.45E-1);
#853=CIRCLE('',#852,5.E-3);
#858=CIRCLE('',#857,5.E-3);
#863=CIRCLE('',#862,3.5E-1);
#872=CIRCLE('',#871,3.5E-1);
#881=CIRCLE('',#880,3.45E-1);
#886=CIRCLE('',#885,3.45E-1);
#891=CIRCLE('',#890,5.E-3);
#896=CIRCLE('',#895,5.E-3);
#901=CIRCLE('',#900,3.5E-1);
#910=CIRCLE('',#909,3.5E-1);
#919=CIRCLE('',#918,3.45E-1);
#924=CIRCLE('',#923,3.45E-1);
#929=CIRCLE('',#928,5.E-3);
#934=CIRCLE('',#933,5.E-3);
#939=CIRCLE('',#938,3.5E-1);
#948=CIRCLE('',#947,3.5E-1);
#957=CIRCLE('',#956,3.45E-1);
#962=CIRCLE('',#961,3.45E-1);
#967=CIRCLE('',#966,5.E-3);
#972=CIRCLE('',#971,5.E-3);
#1262=EDGE_CURVE('',#1097,#1098,#4,.T.);
#1264=EDGE_CURVE('',#1098,#975,#8,.T.);
#1266=EDGE_CURVE('',#975,#976,#12,.T.);
#1268=EDGE_CURVE('',#976,#1097,#16,.T.);
#1278=EDGE_CURVE('',#1101,#1102,#20,.T.);
#1280=EDGE_CURVE('',#1073,#1101,#24,.T.);
#1282=EDGE_CURVE('',#1073,#1074,#28,.T.);
#1284=EDGE_CURVE('',#1074,#1102,#32,.T.);
#1295=EDGE_CURVE('',#1097,#1112,#36,.T.);
#1297=EDGE_CURVE('',#1108,#1112,#252,.T.);
#1299=EDGE_CURVE('',#1098,#1108,#68,.T.);
#1311=EDGE_CURVE('',#976,#984,#40,.T.);
#1313=EDGE_CURVE('',#984,#986,#148,.T.);
#1315=EDGE_CURVE('',#1105,#986,#188,.T.);
#1317=EDGE_CURVE('',#1105,#1112,#44,.T.);
#1328=EDGE_CURVE('',#975,#983,#48,.T.);
#1330=EDGE_CURVE('',#983,#984,#152,.T.);
#1341=EDGE_CURVE('',#1005,#1012,#52,.T.);
#1343=EDGE_CURVE('',#1012,#1014,#56,.T.);
#1345=EDGE_CURVE('',#1016,#1014,#60,.T.);
#1347=EDGE_CURVE('',#1016,#980,#64,.T.);
#1349=EDGE_CURVE('',#980,#1005,#108,.T.);
#1360=EDGE_CURVE('',#1108,#1110,#72,.T.);
#1362=EDGE_CURVE('',#1110,#1019,#76,.T.);
#1364=EDGE_CURVE('',#1019,#1020,#80,.T.);
#1366=EDGE_CURVE('',#1020,#1022,#84,.T.);
#1368=EDGE_CURVE('',#1022,#1009,#88,.T.);
#1370=EDGE_CURVE('',#1009,#983,#156,.T.);
#1382=EDGE_CURVE('',#1005,#1006,#104,.T.);
#1384=EDGE_CURVE('',#1006,#1024,#716,.T.);
#1386=EDGE_CURVE('',#1012,#1024,#764,.T.);
#1397=EDGE_CURVE('',#1039,#1040,#92,.T.);
#1399=EDGE_CURVE('',#1040,#1251,#96,.T.);
#1401=EDGE_CURVE('',#1251,#1252,#744,.T.);
#1403=EDGE_CURVE('',#1252,#1006,#100,.T.);
#1407=EDGE_CURVE('',#979,#980,#112,.T.);
#1409=EDGE_CURVE('',#1039,#979,#116,.T.);
#1419=EDGE_CURVE('',#1171,#1172,#120,.T.);
#1421=EDGE_CURVE('',#1176,#1171,#124,.T.);
#1423=EDGE_CURVE('',#1175,#1176,#128,.T.);
#1425=EDGE_CURVE('',#1175,#1000,#132,.T.);
#1427=EDGE_CURVE('',#1000,#1044,#136,.T.);
#1429=EDGE_CURVE('',#1043,#1044,#140,.T.);
#1431=EDGE_CURVE('',#986,#1043,#144,.T.);
#1436=EDGE_CURVE('',#1009,#1010,#160,.T.);
#1438=EDGE_CURVE('',#1010,#1002,#164,.T.);
#1440=EDGE_CURVE('',#1002,#1172,#168,.T.);
#1451=EDGE_CURVE('',#1039,#1046,#172,.T.);
#1453=EDGE_CURVE('',#1046,#1058,#340,.T.);
#1455=EDGE_CURVE('',#1040,#1058,#312,.T.);
#1467=EDGE_CURVE('',#1050,#979,#208,.T.);
#1469=EDGE_CURVE('',#1050,#1048,#176,.T.);
#1471=EDGE_CURVE('',#1046,#1048,#180,.T.);
#1481=EDGE_CURVE('',#1105,#1106,#184,.T.);
#1485=EDGE_CURVE('',#1056,#1043,#192,.T.);
#1487=EDGE_CURVE('',#1054,#1056,#196,.T.);
#1489=EDGE_CURVE('',#1053,#1054,#200,.T.);
#1491=EDGE_CURVE('',#1106,#1053,#204,.T.);
#1501=EDGE_CURVE('',#1050,#1016,#216,.T.);
#1514=EDGE_CURVE('',#1076,#1078,#224,.T.);
#1516=EDGE_CURVE('',#1070,#1078,#240,.T.);
#1518=EDGE_CURVE('',#1048,#1070,#212,.T.);
#1523=EDGE_CURVE('',#1014,#1036,#220,.T.);
#1525=EDGE_CURVE('',#1036,#1076,#780,.T.);
#1536=EDGE_CURVE('',#1073,#1078,#244,.T.);
#1539=EDGE_CURVE('',#1074,#1076,#776,.T.);
#1549=EDGE_CURVE('',#1119,#1120,#228,.T.);
#1551=EDGE_CURVE('',#1119,#1063,#232,.T.);
#1553=EDGE_CURVE('',#1060,#1063,#444,.T.);
#1555=EDGE_CURVE('',#1060,#1070,#236,.T.);
#1560=EDGE_CURVE('',#1101,#1120,#248,.T.);
#1571=EDGE_CURVE('',#1119,#1106,#296,.T.);
#1574=EDGE_CURVE('',#1116,#1120,#792,.T.);
#1576=EDGE_CURVE('',#1115,#1116,#768,.T.);
#1578=EDGE_CURVE('',#1115,#1110,#796,.T.);
#1585=EDGE_CURVE('',#1088,#1094,#257,.T.);
#1587=EDGE_CURVE('',#1094,#1088,#262,.T.);
#1591=EDGE_CURVE('',#1127,#1128,#267,.T.);
#1593=EDGE_CURVE('',#1128,#1127,#272,.T.);
#1597=EDGE_CURVE('',#1143,#1144,#277,.T.);
#1599=EDGE_CURVE('',#1144,#1143,#282,.T.);
#1603=EDGE_CURVE('',#1159,#1160,#287,.T.);
#1605=EDGE_CURVE('',#1160,#1159,#292,.T.);
#1617=EDGE_CURVE('',#1053,#1064,#300,.T.);
#1619=EDGE_CURVE('',#1063,#1064,#320,.T.);
#1631=EDGE_CURVE('',#1054,#1066,#304,.T.);
#1633=EDGE_CURVE('',#1064,#1066,#324,.T.);
#1645=EDGE_CURVE('',#1056,#1068,#308,.T.);
#1647=EDGE_CURVE('',#1066,#1068,#328,.T.);
#1659=EDGE_CURVE('',#1068,#1044,#332,.T.);
#1672=EDGE_CURVE('',#1060,#1058,#316,.T.);
#1674=EDGE_CURVE('',#1060,#989,#440,.T.);
#1676=EDGE_CURVE('',#1255,#989,#760,.T.);
#1678=EDGE_CURVE('',#1251,#1255,#748,.T.);
#1694=EDGE_CURVE('',#1000,#998,#336,.T.);
#1696=EDGE_CURVE('',#998,#1063,#448,.T.);
#1719=EDGE_CURVE('',#1242,#1246,#384,.T.);
#1721=EDGE_CURVE('',#1246,#1244,#388,.T.);
#1723=EDGE_CURVE('',#1230,#1244,#392,.T.);
#1725=EDGE_CURVE('',#1230,#1234,#396,.T.);
#1727=EDGE_CURVE('',#1234,#1232,#400,.T.);
#1729=EDGE_CURVE('',#1218,#1232,#404,.T.);
#1731=EDGE_CURVE('',#1218,#1222,#408,.T.);
#1733=EDGE_CURVE('',#1222,#1220,#412,.T.);
#1735=EDGE_CURVE('',#994,#1220,#416,.T.);
#1737=EDGE_CURVE('',#993,#994,#420,.T.);
#1739=EDGE_CURVE('',#1029,#993,#424,.T.);
#1741=EDGE_CURVE('',#1026,#1029,#428,.T.);
#1743=EDGE_CURVE('',#990,#1026,#432,.T.);
#1745=EDGE_CURVE('',#989,#990,#436,.T.);
#1750=EDGE_CURVE('',#997,#998,#452,.T.);
#1752=EDGE_CURVE('',#1242,#997,#456,.T.);
#1756=EDGE_CURVE('',#1081,#1082,#345,.T.);
#1758=EDGE_CURVE('',#1082,#1081,#350,.T.);
#1762=EDGE_CURVE('',#1123,#1124,#355,.T.);
#1764=EDGE_CURVE('',#1124,#1123,#360,.T.);
#1768=EDGE_CURVE('',#1139,#1140,#365,.T.);
#1770=EDGE_CURVE('',#1140,#1139,#370,.T.);
#1774=EDGE_CURVE('',#1155,#1156,#375,.T.);
#1776=EDGE_CURVE('',#1156,#1155,#380,.T.);
#1787=EDGE_CURVE('',#1082,#1090,#464,.T.);
#1789=EDGE_CURVE('',#1084,#1090,#484,.T.);
#1791=EDGE_CURVE('',#1081,#1084,#460,.T.);
#1803=EDGE_CURVE('',#1084,#1090,#479,.T.);
#1826=EDGE_CURVE('',#1084,#1182,#469,.T.);
#1828=EDGE_CURVE('',#1182,#1186,#489,.T.);
#1830=EDGE_CURVE('',#1090,#1186,#474,.T.);
#1856=EDGE_CURVE('',#1182,#1186,#494,.T.);
#1877=EDGE_CURVE('',#1124,#1134,#502,.T.);
#1879=EDGE_CURVE('',#1130,#1134,#522,.T.);
#1881=EDGE_CURVE('',#1123,#1130,#498,.T.);
#1893=EDGE_CURVE('',#1130,#1134,#517,.T.);
#1916=EDGE_CURVE('',#1130,#1190,#507,.T.);
#1918=EDGE_CURVE('',#1190,#1194,#527,.T.);
#1920=EDGE_CURVE('',#1134,#1194,#512,.T.);
#1946=EDGE_CURVE('',#1190,#1194,#532,.T.);
#1967=EDGE_CURVE('',#1140,#1150,#540,.T.);
#1969=EDGE_CURVE('',#1146,#1150,#560,.T.);
#1971=EDGE_CURVE('',#1139,#1146,#536,.T.);
#1983=EDGE_CURVE('',#1146,#1150,#555,.T.);
#2006=EDGE_CURVE('',#1146,#1198,#545,.T.);
#2008=EDGE_CURVE('',#1198,#1202,#565,.T.);
#2010=EDGE_CURVE('',#1150,#1202,#550,.T.);
#2036=EDGE_CURVE('',#1198,#1202,#570,.T.);
#2057=EDGE_CURVE('',#1156,#1166,#578,.T.);
#2059=EDGE_CURVE('',#1162,#1166,#598,.T.);
#2061=EDGE_CURVE('',#1155,#1162,#574,.T.);
#2073=EDGE_CURVE('',#1162,#1166,#593,.T.);
#2096=EDGE_CURVE('',#1162,#1206,#583,.T.);
#2098=EDGE_CURVE('',#1206,#1210,#603,.T.);
#2100=EDGE_CURVE('',#1166,#1210,#588,.T.);
#2126=EDGE_CURVE('',#1206,#1210,#608,.T.);
#2146=EDGE_CURVE('',#1242,#1239,#636,.T.);
#2148=EDGE_CURVE('',#1239,#1248,#684,.T.);
#2150=EDGE_CURVE('',#1246,#1248,#688,.T.);
#2161=EDGE_CURVE('',#1220,#1216,#612,.T.);
#2163=EDGE_CURVE('',#1178,#1216,#616,.T.);
#2165=EDGE_CURVE('',#1178,#994,#620,.T.);
#2176=EDGE_CURVE('',#1232,#1228,#624,.T.);
#2178=EDGE_CURVE('',#1215,#1228,#628,.T.);
#2180=EDGE_CURVE('',#1218,#1215,#632,.T.);
#2193=EDGE_CURVE('',#1180,#997,#700,.T.);
#2195=EDGE_CURVE('',#1239,#1180,#640,.T.);
#2205=EDGE_CURVE('',#1244,#1240,#644,.T.);
#2207=EDGE_CURVE('',#1227,#1240,#648,.T.);
#2209=EDGE_CURVE('',#1230,#1227,#652,.T.);
#2222=EDGE_CURVE('',#1222,#1224,#656,.T.);
#2224=EDGE_CURVE('',#1224,#1216,#660,.T.);
#2235=EDGE_CURVE('',#1215,#1224,#664,.T.);
#2247=EDGE_CURVE('',#1215,#1216,#672,.T.);
#2259=EDGE_CURVE('',#1239,#1240,#668,.T.);
#2262=EDGE_CURVE('',#1180,#1176,#692,.T.);
#2265=EDGE_CURVE('',#1178,#1171,#704,.T.);
#2270=EDGE_CURVE('',#1227,#1228,#676,.T.);
#2282=EDGE_CURVE('',#1248,#1240,#680,.T.);
#2307=EDGE_CURVE('',#1175,#1180,#696,.T.);
#2331=EDGE_CURVE('',#1172,#1178,#712,.T.);
#2343=EDGE_CURVE('',#1002,#993,#708,.T.);
#2358=EDGE_CURVE('',#1252,#1256,#756,.T.);
#2360=EDGE_CURVE('',#1256,#990,#720,.T.);
#2363=EDGE_CURVE('',#1026,#1024,#724,.T.);
#2373=EDGE_CURVE('',#1029,#1030,#728,.T.);
#2378=EDGE_CURVE('',#1034,#1010,#732,.T.);
#2380=EDGE_CURVE('',#1032,#1034,#736,.T.);
#2382=EDGE_CURVE('',#1030,#1032,#740,.T.);
#2394=EDGE_CURVE('',#1255,#1256,#752,.T.);
#2420=EDGE_CURVE('',#1026,#1036,#784,.T.);
#2432=EDGE_CURVE('',#1102,#1116,#772,.T.);
#2439=EDGE_CURVE('',#1115,#1029,#788,.T.);
#2464=EDGE_CURVE('',#1019,#1030,#800,.T.);
#2478=EDGE_CURVE('',#1020,#1032,#804,.T.);
#2491=EDGE_CURVE('',#1022,#1034,#808,.T.);
#2514=EDGE_CURVE('',#1236,#1228,#812,.T.);
#2516=EDGE_CURVE('',#1227,#1236,#816,.T.);
#2528=EDGE_CURVE('',#1234,#1236,#820,.T.);
#2551=EDGE_CURVE('',#1087,#1088,#829,.T.);
#2553=EDGE_CURVE('',#1087,#1093,#825,.T.);
#2555=EDGE_CURVE('',#1093,#1094,#833,.T.);
#2569=EDGE_CURVE('',#1087,#1093,#838,.T.);
#2591=EDGE_CURVE('',#1184,#1087,#843,.T.);
#2594=EDGE_CURVE('',#1188,#1093,#848,.T.);
#2596=EDGE_CURVE('',#1184,#1188,#853,.T.);
#2619=EDGE_CURVE('',#1184,#1188,#858,.T.);
#2642=EDGE_CURVE('',#1132,#1127,#876,.T.);
#2644=EDGE_CURVE('',#1132,#1136,#863,.T.);
#2646=EDGE_CURVE('',#1136,#1128,#867,.T.);
#2658=EDGE_CURVE('',#1132,#1136,#872,.T.);
#2681=EDGE_CURVE('',#1192,#1132,#881,.T.);
#2684=EDGE_CURVE('',#1196,#1136,#886,.T.);
#2686=EDGE_CURVE('',#1192,#1196,#891,.T.);
#2709=EDGE_CURVE('',#1192,#1196,#896,.T.);
#2732=EDGE_CURVE('',#1148,#1143,#914,.T.);
#2734=EDGE_CURVE('',#1148,#1152,#901,.T.);
#2736=EDGE_CURVE('',#1152,#1144,#905,.T.);
#2748=EDGE_CURVE('',#1148,#1152,#910,.T.);
#2771=EDGE_CURVE('',#1200,#1148,#919,.T.);
#2774=EDGE_CURVE('',#1204,#1152,#924,.T.);
#2776=EDGE_CURVE('',#1200,#1204,#929,.T.);
#2799=EDGE_CURVE('',#1200,#1204,#934,.T.);
#2822=EDGE_CURVE('',#1164,#1159,#952,.T.);
#2824=EDGE_CURVE('',#1164,#1168,#939,.T.);
#2826=EDGE_CURVE('',#1168,#1160,#943,.T.);
#2838=EDGE_CURVE('',#1164,#1168,#948,.T.);
#2861=EDGE_CURVE('',#1208,#1164,#957,.T.);
#2864=EDGE_CURVE('',#1212,#1168,#962,.T.);
#2866=EDGE_CURVE('',#1208,#1212,#967,.T.);
#2889=EDGE_CURVE('',#1208,#1212,#972,.T.);
#2916=ADVANCED_BREP_SHAPE_REPRESENTATION('',(#2907),#2915);
#2923=PRODUCT_DEFINITION('design','',#2922,#2919);
#2924=PRODUCT_DEFINITION_SHAPE('','SHAPE FOR 022035045.',#2923);
#2925=SHAPE_DEFINITION_REPRESENTATION(#2924,#2916);
ENDSEC;
END-ISO-10303-21;
