ISO-10303-21;
HEADER;
FILE_DESCRIPTION(('STEP AP203'),'1');
FILE_NAME('22-03-5025.stp','2026-08-17T14:00:29',('TraceParts'),('TraceParts S.A.S.'),'Spatial InterOp 3D',' ',' ');
FILE_SCHEMA(('CONFIG_CONTROL_DESIGN'));
ENDSEC;
DATA;
#1=DESIGN_CONTEXT('',#27,'design');
#2=APPLICATION_PROTOCOL_DEFINITION('INTERNATIONAL STANDARD','config_control_design',1994,#27);
#3=PRODUCT_CATEGORY_RELATIONSHIP('NONE','NONE',#28,#29);
#4=DATE_AND_TIME(#30,#31);
#5=DATE_TIME_ROLE('creation_date');
#6=DATE_TIME_ROLE('classification_date');
#7=PERSON_AND_ORGANIZATION_ROLE('creator');
#8=PERSON_AND_ORGANIZATION_ROLE('design_supplier');
#9=PERSON_AND_ORGANIZATION_ROLE('classification_officer');
#10=PERSON_AND_ORGANIZATION_ROLE('design_owner');
#11=APPROVAL_PERSON_ORGANIZATION(#32,#33,#34);
#12=APPROVAL_DATE_TIME(#4,#33);
#13=CC_DESIGN_APPROVAL(#33,(#35,#36,#37));
#14=CC_DESIGN_DATE_AND_TIME_ASSIGNMENT(#4,#5,(#37));
#15=CC_DESIGN_DATE_AND_TIME_ASSIGNMENT(#4,#6,(#35));
#16=CC_DESIGN_PERSON_AND_ORGANIZATION_ASSIGNMENT(#32,#10,(#38));
#17=CC_DESIGN_PERSON_AND_ORGANIZATION_ASSIGNMENT(#32,#7,(#37));
#18=CC_DESIGN_PERSON_AND_ORGANIZATION_ASSIGNMENT(#32,#7,(#36));
#19=CC_DESIGN_PERSON_AND_ORGANIZATION_ASSIGNMENT(#32,#8,(#36));
#20=CC_DESIGN_SECURITY_CLASSIFICATION(#35,(#36));
#21=CC_DESIGN_PERSON_AND_ORGANIZATION_ASSIGNMENT(#32,#9,(#35));
#22=SHAPE_DEFINITION_REPRESENTATION(#39,#40);
#23= (GEOMETRIC_REPRESENTATION_CONTEXT(3)GLOBAL_UNCERTAINTY_ASSIGNED_CONTEXT((#43))GLOBAL_UNIT_ASSIGNED_CONTEXT((#45,#46,#47))REPRESENTATION_CONTEXT('NONE','WORKSPACE'));
#27=APPLICATION_CONTEXT('CONFIGURATION CONTROLLED 3D DESIGNS OF MECHANICAL PARTS AND ASSEMBLIES');
#28=PRODUCT_CATEGORY('part','NONE');
#29=PRODUCT_RELATED_PRODUCT_CATEGORY('detail',' ',(#38));
#30=CALENDAR_DATE(2026,17,7);
#31=LOCAL_TIME(16,0,29.0,#49);
#32=PERSON_AND_ORGANIZATION(#50,#51);
#33=APPROVAL(#52,'SOLID MODEL');
#34=APPROVAL_ROLE('APPROVED');
#35=SECURITY_CLASSIFICATION('','',#53);
#36=PRODUCT_DEFINITION_FORMATION_WITH_SPECIFIED_SOURCE(' ','NONE',#38,.NOT_KNOWN.);
#37=PRODUCT_DEFINITION('','NONE',#36,#1);
#38=PRODUCT('1','','PART--DESC',(#54));
#39=PRODUCT_DEFINITION_SHAPE('NONE','NONE',#37);
#40=ADVANCED_BREP_SHAPE_REPRESENTATION('1',(#55,#56),#23);
#43=UNCERTAINTY_MEASURE_WITH_UNIT(LENGTH_MEASURE(1.0E-06),#45,'','');
#45= (CONVERSION_BASED_UNIT('MILLIMETRE',#59)LENGTH_UNIT()NAMED_UNIT(#62));
#46= (NAMED_UNIT(#64)PLANE_ANGLE_UNIT()SI_UNIT($,.RADIAN.));
#47= (NAMED_UNIT(#64)SOLID_ANGLE_UNIT()SI_UNIT($,.STERADIAN.));
#49=COORDINATED_UNIVERSAL_TIME_OFFSET(1,0,.AHEAD.);
#50=PERSON('','UNSPECIFIED',$,$,$,$);
#51=ORGANIZATION('UNSPECIFIED','UNSPECIFIED','UNSPECIFIED');
#52=APPROVAL_STATUS('approved');
#53=SECURITY_CLASSIFICATION_LEVEL('unclassified');
#54=MECHANICAL_CONTEXT('',#27,'mechanical');
#55=MANIFOLD_SOLID_BREP('1',#70);
#56=AXIS2_PLACEMENT_3D('',#71,#72,#73);
#59=LENGTH_MEASURE_WITH_UNIT(LENGTH_MEASURE(1.0),#74);
#62=DIMENSIONAL_EXPONENTS(1.0,0.0,0.0,0.0,0.0,0.0,0.0);
#64=DIMENSIONAL_EXPONENTS(0.0,0.0,0.0,0.0,0.0,0.0,0.0);
#70=CLOSED_SHELL('',(#75,#76,#77,#78,#79,#80,#81,#82,#83,#84,#85,#86,#87,#88,#89,#90,#91,#92,#93,#94,#95,#96,#97,#98,#99,#100,#101,#102,#103,#104,#105,#106,#107,#108,#109,#110,#111,#112,#113,#114,#115,#116,#117,#118,#119,#120,#121,#122,#123,#124,#125,#126,#127,#128,#129,#130,#131,#132,#133,#134,#135,#136,#137,#138,#139,#140,#141));
#71=CARTESIAN_POINT('',(0.0,0.0,0.0));
#72=DIRECTION('',(0.0,0.0,1.0));
#73=DIRECTION('',(1.0,0.0,0.0));
#74= (NAMED_UNIT(#62)LENGTH_UNIT()SI_UNIT(.MILLI.,.METRE.));
#75=ADVANCED_FACE('',(#143),#144,.T.);
#76=ADVANCED_FACE('',(#145),#146,.T.);
#77=ADVANCED_FACE('',(#147),#148,.T.);
#78=ADVANCED_FACE('',(#149),#150,.T.);
#79=ADVANCED_FACE('',(#151),#152,.F.);
#80=ADVANCED_FACE('',(#153),#154,.F.);
#81=ADVANCED_FACE('',(#155),#156,.F.);
#82=ADVANCED_FACE('',(#157),#158,.T.);
#83=ADVANCED_FACE('',(#159),#160,.T.);
#84=ADVANCED_FACE('',(#161),#162,.T.);
#85=ADVANCED_FACE('',(#163),#164,.T.);
#86=ADVANCED_FACE('',(#165),#166,.F.);
#87=ADVANCED_FACE('',(#167),#168,.T.);
#88=ADVANCED_FACE('',(#169),#170,.T.);
#89=ADVANCED_FACE('',(#171),#172,.T.);
#90=ADVANCED_FACE('',(#173),#174,.T.);
#91=ADVANCED_FACE('',(#175),#176,.T.);
#92=ADVANCED_FACE('',(#177),#178,.T.);
#93=ADVANCED_FACE('',(#179),#180,.F.);
#94=ADVANCED_FACE('',(#181),#182,.T.);
#95=ADVANCED_FACE('',(#183),#184,.F.);
#96=ADVANCED_FACE('',(#185,#186,#187),#188,.F.);
#97=ADVANCED_FACE('',(#189),#190,.T.);
#98=ADVANCED_FACE('',(#191),#192,.T.);
#99=ADVANCED_FACE('',(#193),#194,.T.);
#100=ADVANCED_FACE('',(#195),#196,.T.);
#101=ADVANCED_FACE('',(#197),#198,.F.);
#102=ADVANCED_FACE('',(#199),#200,.F.);
#103=ADVANCED_FACE('',(#201),#202,.T.);
#104=ADVANCED_FACE('',(#203,#204,#205),#206,.F.);
#105=ADVANCED_FACE('',(#207),#208,.T.);
#106=ADVANCED_FACE('',(#209),#210,.T.);
#107=ADVANCED_FACE('',(#211),#212,.T.);
#108=ADVANCED_FACE('',(#213),#214,.F.);
#109=ADVANCED_FACE('',(#215),#216,.T.);
#110=ADVANCED_FACE('',(#217),#218,.T.);
#111=ADVANCED_FACE('',(#219),#220,.T.);
#112=ADVANCED_FACE('',(#221),#222,.F.);
#113=ADVANCED_FACE('',(#223),#224,.T.);
#114=ADVANCED_FACE('',(#225),#226,.F.);
#115=ADVANCED_FACE('',(#227),#228,.F.);
#116=ADVANCED_FACE('',(#229),#230,.F.);
#117=ADVANCED_FACE('',(#231),#232,.T.);
#118=ADVANCED_FACE('',(#233),#234,.F.);
#119=ADVANCED_FACE('',(#235),#236,.T.);
#120=ADVANCED_FACE('',(#237),#238,.T.);
#121=ADVANCED_FACE('',(#239),#240,.F.);
#122=ADVANCED_FACE('',(#241),#242,.F.);
#123=ADVANCED_FACE('',(#243),#244,.F.);
#124=ADVANCED_FACE('',(#245),#246,.F.);
#125=ADVANCED_FACE('',(#247),#248,.T.);
#126=ADVANCED_FACE('',(#249),#250,.F.);
#127=ADVANCED_FACE('',(#251),#252,.F.);
#128=ADVANCED_FACE('',(#253),#254,.T.);
#129=ADVANCED_FACE('',(#255),#256,.F.);
#130=ADVANCED_FACE('',(#257),#258,.F.);
#131=ADVANCED_FACE('',(#259),#260,.F.);
#132=ADVANCED_FACE('',(#261),#262,.F.);
#133=ADVANCED_FACE('',(#263),#264,.F.);
#134=ADVANCED_FACE('',(#265),#266,.T.);
#135=ADVANCED_FACE('',(#267),#268,.T.);
#136=ADVANCED_FACE('',(#269),#270,.T.);
#137=ADVANCED_FACE('',(#271),#272,.T.);
#138=ADVANCED_FACE('',(#273),#274,.T.);
#139=ADVANCED_FACE('',(#275),#276,.T.);
#140=ADVANCED_FACE('',(#277),#278,.T.);
#141=ADVANCED_FACE('',(#279),#280,.T.);
#143=FACE_OUTER_BOUND('',#281,.T.);
#144=CYLINDRICAL_SURFACE('',#282,0.35);
#145=FACE_OUTER_BOUND('',#283,.T.);
#146=CYLINDRICAL_SURFACE('',#284,0.35);
#147=FACE_OUTER_BOUND('',#285,.T.);
#148=CYLINDRICAL_SURFACE('',#286,0.35);
#149=FACE_OUTER_BOUND('',#287,.T.);
#150=CYLINDRICAL_SURFACE('',#288,0.35);
#151=FACE_OUTER_BOUND('',#289,.T.);
#152=PLANE('',#290);
#153=FACE_OUTER_BOUND('',#291,.T.);
#154=PLANE('',#292);
#155=FACE_OUTER_BOUND('',#293,.T.);
#156=PLANE('',#294);
#157=FACE_OUTER_BOUND('',#295,.T.);
#158=PLANE('',#296);
#159=FACE_OUTER_BOUND('',#297,.T.);
#160=PLANE('',#298);
#161=FACE_OUTER_BOUND('',#299,.T.);
#162=PLANE('',#300);
#163=FACE_OUTER_BOUND('',#301,.T.);
#164=PLANE('',#302);
#165=FACE_OUTER_BOUND('',#303,.T.);
#166=PLANE('',#304);
#167=FACE_OUTER_BOUND('',#305,.T.);
#168=PLANE('',#306);
#169=FACE_OUTER_BOUND('',#307,.T.);
#170=PLANE('',#308);
#171=FACE_OUTER_BOUND('',#309,.T.);
#172=PLANE('',#310);
#173=FACE_OUTER_BOUND('',#311,.T.);
#174=PLANE('',#312);
#175=FACE_OUTER_BOUND('',#313,.T.);
#176=PLANE('',#314);
#177=FACE_OUTER_BOUND('',#315,.T.);
#178=PLANE('',#316);
#179=FACE_OUTER_BOUND('',#317,.T.);
#180=PLANE('',#318);
#181=FACE_OUTER_BOUND('',#319,.T.);
#182=PLANE('',#320);
#183=FACE_OUTER_BOUND('',#321,.T.);
#184=PLANE('',#322);
#185=FACE_OUTER_BOUND('',#323,.T.);
#186=FACE_BOUND('',#324,.T.);
#187=FACE_BOUND('',#325,.T.);
#188=PLANE('',#326);
#189=FACE_OUTER_BOUND('',#327,.T.);
#190=PLANE('',#328);
#191=FACE_OUTER_BOUND('',#329,.T.);
#192=PLANE('',#330);
#193=FACE_OUTER_BOUND('',#331,.T.);
#194=PLANE('',#332);
#195=FACE_OUTER_BOUND('',#333,.T.);
#196=PLANE('',#334);
#197=FACE_OUTER_BOUND('',#335,.T.);
#198=PLANE('',#336);
#199=FACE_OUTER_BOUND('',#337,.T.);
#200=PLANE('',#338);
#201=FACE_OUTER_BOUND('',#339,.T.);
#202=PLANE('',#340);
#203=FACE_OUTER_BOUND('',#341,.T.);
#204=FACE_BOUND('',#342,.T.);
#205=FACE_BOUND('',#343,.T.);
#206=PLANE('',#344);
#207=FACE_OUTER_BOUND('',#345,.T.);
#208=CYLINDRICAL_SURFACE('',#346,0.35);
#209=FACE_OUTER_BOUND('',#347,.T.);
#210=(B_SPLINE_SURFACE(3,3,((#349,#350,#351,#352),(#353,#354,#355,#356),(#357,#358,#359,#360),(#361,#362,#363,#364),(#365,#366,#367,#368),(#369,#370,#371,#372),(#373,#374,#375,#376)),.UNSPECIFIED.,.F.,.F.,.F.)B_SPLINE_SURFACE_WITH_KNOTS((4,3,4),(4,4),(0.0535193618355329,1.0,1.94648063816447),(0.0395646617290238,0.960435338271029),.UNSPECIFIED.)RATIONAL_B_SPLINE_SURFACE(((1.35067218704624,1.08692821561279,1.0869282156128,1.35067218704629),(1.09757025675261,0.883249164469914,0.883249164469926,1.09757025675264),(1.11273984377473,0.895456606299024,0.895456606299036,1.11273984377476),(1.39618094811261,1.12355054110012,1.12355054110013,1.39618094811265),(1.11273984377473,0.895456606299023,0.895456606299036,1.11273984377476),(1.09757025675261,0.883249164469913,0.883249164469926,1.09757025675264),(1.35067218704624,1.08692821561279,1.0869282156128,1.35067218704629)))BOUNDED_SURFACE()REPRESENTATION_ITEM('')GEOMETRIC_REPRESENTATION_ITEM()SURFACE());
#211=FACE_OUTER_BOUND('',#383,.T.);
#212=(B_SPLINE_SURFACE(3,3,((#385,#386,#387,#388),(#389,#390,#391,#392),(#393,#394,#395,#396),(#397,#398,#399,#400),(#401,#402,#403,#404),(#405,#406,#407,#408),(#409,#410,#411,#412)),.UNSPECIFIED.,.F.,.F.,.F.)B_SPLINE_SURFACE_WITH_KNOTS((4,3,4),(4,4),(0.0535193618355104,1.0,1.94648063816449),(0.0395646617289638,0.960435338271045),.UNSPECIFIED.)RATIONAL_B_SPLINE_SURFACE(((1.35067218704631,1.08692821561279,1.0869282156128,1.35067218704632),(1.09757025675265,0.883249164469909,0.883249164469911,1.09757025675265),(1.11273984377476,0.895456606299014,0.895456606299016,1.11273984377477),(1.39618094811266,1.12355054110011,1.12355054110011,1.39618094811267),(1.11273984377476,0.895456606299014,0.895456606299016,1.11273984377477),(1.09757025675265,0.883249164469909,0.883249164469911,1.09757025675265),(1.35067218704631,1.08692821561279,1.0869282156128,1.35067218704632)))BOUNDED_SURFACE()REPRESENTATION_ITEM('')GEOMETRIC_REPRESENTATION_ITEM()SURFACE());
#213=FACE_OUTER_BOUND('',#419,.T.);
#214=PLANE('',#420);
#215=FACE_OUTER_BOUND('',#421,.T.);
#216=CYLINDRICAL_SURFACE('',#422,0.35);
#217=FACE_OUTER_BOUND('',#423,.T.);
#218=(B_SPLINE_SURFACE(3,3,((#425,#426,#427,#428),(#429,#430,#431,#432),(#433,#434,#435,#436),(#437,#438,#439,#440),(#441,#442,#443,#444),(#445,#446,#447,#448),(#449,#450,#451,#452)),.UNSPECIFIED.,.F.,.F.,.F.)B_SPLINE_SURFACE_WITH_KNOTS((4,3,4),(4,4),(0.0535193618355103,1.0,1.94648063816449),(0.0395646617289223,0.960435338271046),.UNSPECIFIED.)RATIONAL_B_SPLINE_SURFACE(((1.35067218704635,1.08692821561279,1.08692821561279,1.35067218704632),(1.09757025675268,0.883249164469909,0.883249164469902,1.09757025675265),(1.11273984377479,0.895456606299014,0.895456606299007,1.11273984377477),(1.3961809481127,1.12355054110011,1.1235505411001,1.39618094811267),(1.11273984377479,0.895456606299014,0.895456606299007,1.11273984377477),(1.09757025675268,0.883249164469909,0.883249164469902,1.09757025675265),(1.35067218704635,1.0869282156128,1.08692821561279,1.35067218704632)))BOUNDED_SURFACE()REPRESENTATION_ITEM('')GEOMETRIC_REPRESENTATION_ITEM()SURFACE());
#219=FACE_OUTER_BOUND('',#459,.T.);
#220=(B_SPLINE_SURFACE(3,3,((#461,#462,#463,#464),(#465,#466,#467,#468),(#469,#470,#471,#472),(#473,#474,#475,#476),(#477,#478,#479,#480),(#481,#482,#483,#484),(#485,#486,#487,#488)),.UNSPECIFIED.,.F.,.F.,.F.)B_SPLINE_SURFACE_WITH_KNOTS((4,3,4),(4,4),(0.0535193618355321,1.0,1.94648063816447),(0.0395646617290217,0.960435338271024),.UNSPECIFIED.)RATIONAL_B_SPLINE_SURFACE(((1.35067218704624,1.08692821561279,1.0869282156128,1.35067218704628),(1.09757025675261,0.883249164469915,0.883249164469925,1.09757025675264),(1.11273984377473,0.895456606299024,0.895456606299035,1.11273984377476),(1.39618094811261,1.12355054110012,1.12355054110013,1.39618094811265),(1.11273984377473,0.895456606299024,0.895456606299035,1.11273984377476),(1.09757025675261,0.883249164469915,0.883249164469925,1.09757025675264),(1.35067218704624,1.08692821561279,1.0869282156128,1.35067218704628)))BOUNDED_SURFACE()REPRESENTATION_ITEM('')GEOMETRIC_REPRESENTATION_ITEM()SURFACE());
#221=FACE_OUTER_BOUND('',#495,.T.);
#222=PLANE('',#496);
#223=FACE_OUTER_BOUND('',#497,.T.);
#224=PLANE('',#498);
#225=FACE_OUTER_BOUND('',#499,.T.);
#226=PLANE('',#500);
#227=FACE_OUTER_BOUND('',#501,.T.);
#228=PLANE('',#502);
#229=FACE_OUTER_BOUND('',#503,.T.);
#230=PLANE('',#504);
#231=FACE_OUTER_BOUND('',#505,.T.);
#232=PLANE('',#506);
#233=FACE_OUTER_BOUND('',#507,.T.);
#234=PLANE('',#508);
#235=FACE_OUTER_BOUND('',#509,.T.);
#236=PLANE('',#510);
#237=FACE_OUTER_BOUND('',#511,.T.);
#238=PLANE('',#512);
#239=FACE_OUTER_BOUND('',#513,.T.);
#240=PLANE('',#514);
#241=FACE_OUTER_BOUND('',#515,.T.);
#242=PLANE('',#516);
#243=FACE_OUTER_BOUND('',#517,.T.);
#244=PLANE('',#518);
#245=FACE_OUTER_BOUND('',#519,.T.);
#246=PLANE('',#520);
#247=FACE_OUTER_BOUND('',#521,.T.);
#248=PLANE('',#522);
#249=FACE_OUTER_BOUND('',#523,.T.);
#250=PLANE('',#524);
#251=FACE_OUTER_BOUND('',#525,.T.);
#252=PLANE('',#526);
#253=FACE_OUTER_BOUND('',#527,.T.);
#254=PLANE('',#528);
#255=FACE_OUTER_BOUND('',#529,.T.);
#256=PLANE('',#530);
#257=FACE_OUTER_BOUND('',#531,.T.);
#258=PLANE('',#532);
#259=FACE_OUTER_BOUND('',#533,.T.);
#260=PLANE('',#534);
#261=FACE_OUTER_BOUND('',#535,.T.);
#262=PLANE('',#536);
#263=FACE_OUTER_BOUND('',#537,.T.);
#264=PLANE('',#538);
#265=FACE_OUTER_BOUND('',#539,.T.);
#266=CYLINDRICAL_SURFACE('',#540,0.35);
#267=FACE_OUTER_BOUND('',#541,.T.);
#268=(B_SPLINE_SURFACE(3,3,((#543,#544,#545,#546),(#547,#548,#549,#550),(#551,#552,#553,#554),(#555,#556,#557,#558),(#559,#560,#561,#562),(#563,#564,#565,#566),(#567,#568,#569,#570)),.UNSPECIFIED.,.F.,.F.,.F.)B_SPLINE_SURFACE_WITH_KNOTS((4,3,4),(4,4),(0.0535193618355322,1.0,1.94648063816447),(0.0395646617289706,0.960435338270978),.UNSPECIFIED.)RATIONAL_B_SPLINE_SURFACE(((1.35067218704629,1.0869282156128,1.08692821561278,1.35067218704624),(1.09757025675264,0.883249164469925,0.883249164469913,1.09757025675261),(1.11273984377476,0.895456606299035,0.895456606299023,1.11273984377473),(1.39618094811265,1.12355054110013,1.12355054110011,1.39618094811261),(1.11273984377476,0.895456606299035,0.895456606299023,1.11273984377473),(1.09757025675264,0.883249164469925,0.883249164469913,1.09757025675261),(1.35067218704629,1.0869282156128,1.08692821561278,1.35067218704624)))BOUNDED_SURFACE()REPRESENTATION_ITEM('')GEOMETRIC_REPRESENTATION_ITEM()SURFACE());
#269=FACE_OUTER_BOUND('',#577,.T.);
#270=(B_SPLINE_SURFACE(3,3,((#579,#580,#581,#582),(#583,#584,#585,#586),(#587,#588,#589,#590),(#591,#592,#593,#594),(#595,#596,#597,#598),(#599,#600,#601,#602),(#603,#604,#605,#606)),.UNSPECIFIED.,.F.,.F.,.F.)B_SPLINE_SURFACE_WITH_KNOTS((4,3,4),(4,4),(0.0535193618355105,1.0,1.94648063816449),(0.0395646617289474,0.960435338271037),.UNSPECIFIED.)RATIONAL_B_SPLINE_SURFACE(((1.35067218704632,1.0869282156128,1.08692821561279,1.35067218704631),(1.09757025675266,0.883249164469911,0.883249164469907,1.09757025675265),(1.11273984377477,0.895456606299016,0.895456606299013,1.11273984377476),(1.39618094811267,1.12355054110011,1.12355054110011,1.39618094811266),(1.11273984377477,0.895456606299016,0.895456606299013,1.11273984377476),(1.09757025675266,0.883249164469911,0.883249164469907,1.09757025675265),(1.35067218704632,1.0869282156128,1.08692821561279,1.35067218704631)))BOUNDED_SURFACE()REPRESENTATION_ITEM('')GEOMETRIC_REPRESENTATION_ITEM()SURFACE());
#271=FACE_OUTER_BOUND('',#613,.T.);
#272=PLANE('',#614);
#273=FACE_OUTER_BOUND('',#615,.T.);
#274=CYLINDRICAL_SURFACE('',#616,0.35);
#275=FACE_OUTER_BOUND('',#617,.T.);
#276=(B_SPLINE_SURFACE(3,3,((#619,#620,#621,#622),(#623,#624,#625,#626),(#627,#628,#629,#630),(#631,#632,#633,#634),(#635,#636,#637,#638),(#639,#640,#641,#642),(#643,#644,#645,#646)),.UNSPECIFIED.,.F.,.F.,.F.)B_SPLINE_SURFACE_WITH_KNOTS((4,3,4),(4,4),(0.0535193618355095,1.0,1.94648063816449),(0.0395646617289515,0.960435338271037),.UNSPECIFIED.)RATIONAL_B_SPLINE_SURFACE(((1.35067218704632,1.0869282156128,1.08692821561279,1.35067218704631),(1.09757025675266,0.883249164469911,0.883249164469908,1.09757025675265),(1.11273984377477,0.895456606299016,0.895456606299013,1.11273984377476),(1.39618094811267,1.12355054110011,1.12355054110011,1.39618094811266),(1.11273984377477,0.895456606299016,0.895456606299013,1.11273984377476),(1.09757025675266,0.883249164469911,0.883249164469908,1.09757025675265),(1.35067218704632,1.0869282156128,1.08692821561279,1.35067218704631)))BOUNDED_SURFACE()REPRESENTATION_ITEM('')GEOMETRIC_REPRESENTATION_ITEM()SURFACE());
#277=FACE_OUTER_BOUND('',#653,.T.);
#278=(B_SPLINE_SURFACE(3,3,((#655,#656,#657,#658),(#659,#660,#661,#662),(#663,#664,#665,#666),(#667,#668,#669,#670),(#671,#672,#673,#674),(#675,#676,#677,#678),(#679,#680,#681,#682)),.UNSPECIFIED.,.F.,.F.,.F.)B_SPLINE_SURFACE_WITH_KNOTS((4,3,4),(4,4),(0.0535193618355328,1.0,1.94648063816447),(0.0395646617289706,0.960435338270977),.UNSPECIFIED.)RATIONAL_B_SPLINE_SURFACE(((1.35067218704629,1.0869282156128,1.08692821561278,1.35067218704624),(1.09757025675264,0.883249164469925,0.883249164469913,1.09757025675261),(1.11273984377476,0.895456606299035,0.895456606299023,1.11273984377473),(1.39618094811265,1.12355054110013,1.12355054110011,1.39618094811261),(1.11273984377476,0.895456606299035,0.895456606299023,1.11273984377473),(1.09757025675264,0.883249164469925,0.883249164469913,1.09757025675261),(1.35067218704629,1.0869282156128,1.08692821561279,1.35067218704624)))BOUNDED_SURFACE()REPRESENTATION_ITEM('')GEOMETRIC_REPRESENTATION_ITEM()SURFACE());
#279=FACE_OUTER_BOUND('',#689,.T.);
#280=PLANE('',#690);
#281=EDGE_LOOP('',(#691,#692,#693,#694));
#282=AXIS2_PLACEMENT_3D('',#695,#696,#697);
#283=EDGE_LOOP('',(#698,#699,#700,#701));
#284=AXIS2_PLACEMENT_3D('',#702,#703,#704);
#285=EDGE_LOOP('',(#705,#706,#707,#708));
#286=AXIS2_PLACEMENT_3D('',#709,#710,#711);
#287=EDGE_LOOP('',(#712,#713,#714,#715));
#288=AXIS2_PLACEMENT_3D('',#716,#717,#718);
#289=EDGE_LOOP('',(#719,#720,#721,#722));
#290=AXIS2_PLACEMENT_3D('',#723,#724,#725);
#291=EDGE_LOOP('',(#726,#727,#728,#729));
#292=AXIS2_PLACEMENT_3D('',#730,#731,#732);
#293=EDGE_LOOP('',(#733,#734,#735,#736));
#294=AXIS2_PLACEMENT_3D('',#737,#738,#739);
#295=EDGE_LOOP('',(#740,#741,#742,#743,#744,#745));
#296=AXIS2_PLACEMENT_3D('',#746,#747,#748);
#297=EDGE_LOOP('',(#749,#750,#751,#752));
#298=AXIS2_PLACEMENT_3D('',#753,#754,#755);
#299=EDGE_LOOP('',(#756,#757,#758,#759,#760));
#300=AXIS2_PLACEMENT_3D('',#761,#762,#763);
#301=EDGE_LOOP('',(#764,#765,#766,#767,#768,#769,#770,#771,#772));
#302=AXIS2_PLACEMENT_3D('',#773,#774,#775);
#303=EDGE_LOOP('',(#776,#777,#778,#779));
#304=AXIS2_PLACEMENT_3D('',#780,#781,#782);
#305=EDGE_LOOP('',(#783,#784,#785,#786,#787,#788,#789,#790));
#306=AXIS2_PLACEMENT_3D('',#791,#792,#793);
#307=EDGE_LOOP('',(#794,#795,#796,#797,#798,#799,#800,#801,#802,#803,#804,#805,#806));
#308=AXIS2_PLACEMENT_3D('',#807,#808,#809);
#309=EDGE_LOOP('',(#810,#811,#812,#813));
#310=AXIS2_PLACEMENT_3D('',#814,#815,#816);
#311=EDGE_LOOP('',(#817,#818,#819,#820,#821));
#312=AXIS2_PLACEMENT_3D('',#822,#823,#824);
#313=EDGE_LOOP('',(#825,#826,#827,#828,#829,#830,#831));
#314=AXIS2_PLACEMENT_3D('',#832,#833,#834);
#315=EDGE_LOOP('',(#835,#836,#837,#838));
#316=AXIS2_PLACEMENT_3D('',#839,#840,#841);
#317=EDGE_LOOP('',(#842,#843,#844,#845,#846,#847,#848,#849));
#318=AXIS2_PLACEMENT_3D('',#850,#851,#852);
#319=EDGE_LOOP('',(#853,#854,#855,#856));
#320=AXIS2_PLACEMENT_3D('',#857,#858,#859);
#321=EDGE_LOOP('',(#860,#861,#862,#863,#864,#865,#866,#867));
#322=AXIS2_PLACEMENT_3D('',#868,#869,#870);
#323=EDGE_LOOP('',(#871,#872,#873,#874,#875,#876,#877,#878,#879));
#324=EDGE_LOOP('',(#880,#881));
#325=EDGE_LOOP('',(#882,#883));
#326=AXIS2_PLACEMENT_3D('',#884,#885,#886);
#327=EDGE_LOOP('',(#887,#888,#889,#890,#891));
#328=AXIS2_PLACEMENT_3D('',#892,#893,#894);
#329=EDGE_LOOP('',(#895,#896,#897,#898));
#330=AXIS2_PLACEMENT_3D('',#899,#900,#901);
#331=EDGE_LOOP('',(#902,#903,#904,#905));
#332=AXIS2_PLACEMENT_3D('',#906,#907,#908);
#333=EDGE_LOOP('',(#909,#910,#911,#912));
#334=AXIS2_PLACEMENT_3D('',#913,#914,#915);
#335=EDGE_LOOP('',(#916,#917,#918,#919,#920,#921));
#336=AXIS2_PLACEMENT_3D('',#922,#923,#924);
#337=EDGE_LOOP('',(#925,#926,#927,#928,#929,#930,#931));
#338=AXIS2_PLACEMENT_3D('',#932,#933,#934);
#339=EDGE_LOOP('',(#935,#936,#937,#938,#939));
#340=AXIS2_PLACEMENT_3D('',#940,#941,#942);
#341=EDGE_LOOP('',(#943,#944,#945,#946,#947,#948,#949,#950,#951,#952,#953,#954,#955));
#342=EDGE_LOOP('',(#956,#957));
#343=EDGE_LOOP('',(#958,#959));
#344=AXIS2_PLACEMENT_3D('',#960,#961,#962);
#345=EDGE_LOOP('',(#963,#964,#965,#966));
#346=AXIS2_PLACEMENT_3D('',#967,#968,#969);
#347=EDGE_LOOP('',(#970,#971,#972,#973));
#349=CARTESIAN_POINT('',(1.2500020557683,2.4499999999812,-0.480002771044554));
#350=CARTESIAN_POINT('',(1.25000366148796,2.45000162324877,-0.362842909425759));
#351=CARTESIAN_POINT('',(1.25000479690362,2.36715709059948,-0.279998376784327));
#352=CARTESIAN_POINT('',(1.25000479688125,2.24999722896981,-0.280000000052103));
#353=CARTESIAN_POINT('',(1.16153257917605,2.4499999999812,-0.480001558537137));
#354=CARTESIAN_POINT('',(1.09243243076847,2.45000162324877,-0.362840749852901));
#355=CARTESIAN_POINT('',(1.04357124724357,2.36715709059947,-0.279995547535045));
#356=CARTESIAN_POINT('',(1.04357220463684,2.2499972289698,-0.279997170815871));
#357=CARTESIAN_POINT('',(1.1000027710302,2.4499999999812,-0.54273659634752));
#358=CARTESIAN_POINT('',(0.982842909400704,2.45000162324877,-0.474576881881518));
#359=CARTESIAN_POINT('',(0.899998376751431,2.36715709059947,-0.426380685574223));
#360=CARTESIAN_POINT('',(0.900000000019186,2.24999722896981,-0.426381629937485));
#361=CARTESIAN_POINT('',(1.10000277103019,2.4499999999812,-0.63));
#362=CARTESIAN_POINT('',(0.982842909400701,2.45000162324877,-0.63));
#363=CARTESIAN_POINT('',(0.899998376751432,2.36715709059948,-0.630000000000001));
#364=CARTESIAN_POINT('',(0.900000000019184,2.24999722896981,-0.63));
#365=CARTESIAN_POINT('',(1.1000027710302,2.4499999999812,-0.71726340365248));
#366=CARTESIAN_POINT('',(0.982842909400705,2.45000162324877,-0.785423118118482));
#367=CARTESIAN_POINT('',(0.899998376751431,2.36715709059947,-0.833619314425777));
#368=CARTESIAN_POINT('',(0.900000000019186,2.2499972289698,-0.833618370062517));
#369=CARTESIAN_POINT('',(1.16153257917605,2.4499999999812,-0.779998441462864));
#370=CARTESIAN_POINT('',(1.09243243076847,2.45000162324877,-0.897159250147094));
#371=CARTESIAN_POINT('',(1.04357124724357,2.36715709059947,-0.980004452464876));
#372=CARTESIAN_POINT('',(1.04357220463684,2.2499972289698,-0.980002829184122));
#373=CARTESIAN_POINT('',(1.25000205576829,2.4499999999812,-0.779997228955445));
#374=CARTESIAN_POINT('',(1.25000366148796,2.45000162324877,-0.897157090574241));
#375=CARTESIAN_POINT('',(1.25000479690362,2.36715709059948,-0.980001623215668));
#376=CARTESIAN_POINT('',(1.25000479688125,2.24999722896981,-0.979999999947975));
#383=EDGE_LOOP('',(#974,#975,#976,#977));
#385=CARTESIAN_POINT('',(1.2499979442317,2.4499999999812,-0.779997228955428));
#386=CARTESIAN_POINT('',(1.24999633851204,2.45000162324878,-0.897157090574233));
#387=CARTESIAN_POINT('',(1.24999520309637,2.36715709059948,-0.98000162321567));
#388=CARTESIAN_POINT('',(1.24999520311874,2.2499972289698,-0.979999999947976));
#389=CARTESIAN_POINT('',(1.33846742082394,2.4499999999812,-0.779998441462849));
#390=CARTESIAN_POINT('',(1.40756756923154,2.45000162324878,-0.89715925014709));
#391=CARTESIAN_POINT('',(1.45642875275645,2.36715709059948,-0.980004452464887));
#392=CARTESIAN_POINT('',(1.45642779536319,2.2499972289698,-0.980002829184129));
#393=CARTESIAN_POINT('',(1.3999972289698,2.4499999999812,-0.717263403652472));
#394=CARTESIAN_POINT('',(1.51715709059948,2.45000162324878,-0.785423118118481));
#395=CARTESIAN_POINT('',(1.60000162324878,2.36715709059948,-0.833619314425785));
#396=CARTESIAN_POINT('',(1.5999999999812,2.2499972289698,-0.833618370062522));
#397=CARTESIAN_POINT('',(1.39999722896981,2.4499999999812,-0.63));
#398=CARTESIAN_POINT('',(1.51715709059949,2.45000162324878,-0.630000000000001));
#399=CARTESIAN_POINT('',(1.60000162324879,2.36715709059948,-0.630000000000001));
#400=CARTESIAN_POINT('',(1.5999999999812,2.24999722896981,-0.63));
#401=CARTESIAN_POINT('',(1.3999972289698,2.4499999999812,-0.542736596347613));
#402=CARTESIAN_POINT('',(1.51715709059948,2.45000162324878,-0.474576881881523));
#403=CARTESIAN_POINT('',(1.60000162324878,2.36715709059948,-0.426380685574216));
#404=CARTESIAN_POINT('',(1.5999999999812,2.2499972289698,-0.426381629937478));
#405=CARTESIAN_POINT('',(1.33846742082394,2.4499999999812,-0.480001558537161));
#406=CARTESIAN_POINT('',(1.40756756923154,2.45000162324878,-0.362840749852904));
#407=CARTESIAN_POINT('',(1.45642875275645,2.36715709059948,-0.279995547535035));
#408=CARTESIAN_POINT('',(1.45642779536319,2.2499972289698,-0.279997170815864));
#409=CARTESIAN_POINT('',(1.2499979442317,2.4499999999812,-0.480002771044573));
#410=CARTESIAN_POINT('',(1.24999633851203,2.45000162324878,-0.362842909425767));
#411=CARTESIAN_POINT('',(1.24999520309637,2.36715709059948,-0.279998376784324));
#412=CARTESIAN_POINT('',(1.24999520311874,2.2499972289698,-0.280000000052103));
#419=EDGE_LOOP('',(#978,#979));
#420=AXIS2_PLACEMENT_3D('',#980,#981,#982);
#421=EDGE_LOOP('',(#983,#984,#985,#986));
#422=AXIS2_PLACEMENT_3D('',#987,#988,#989);
#423=EDGE_LOOP('',(#990,#991,#992,#993));
#425=CARTESIAN_POINT('',(-1.2499979442317,2.4499999999812,-0.480002771044585));
#426=CARTESIAN_POINT('',(-1.24999633851203,2.45000162324879,-0.362842909425775));
#427=CARTESIAN_POINT('',(-1.24999520309637,2.36715709059948,-0.279998376784324));
#428=CARTESIAN_POINT('',(-1.24999520311874,2.2499972289698,-0.280000000052102));
#429=CARTESIAN_POINT('',(-1.33846742082393,2.4499999999812,-0.480001558537173));
#430=CARTESIAN_POINT('',(-1.40756756923154,2.45000162324878,-0.362840749852911));
#431=CARTESIAN_POINT('',(-1.45642875275645,2.36715709059948,-0.279995547535034));
#432=CARTESIAN_POINT('',(-1.45642779536319,2.2499972289698,-0.279997170815864));
#433=CARTESIAN_POINT('',(-1.39999722896979,2.4499999999812,-0.542736596347621));
#434=CARTESIAN_POINT('',(-1.51715709059947,2.45000162324879,-0.474576881881527));
#435=CARTESIAN_POINT('',(-1.60000162324878,2.36715709059948,-0.426380685574215));
#436=CARTESIAN_POINT('',(-1.5999999999812,2.2499972289698,-0.426381629937478));
#437=CARTESIAN_POINT('',(-1.39999722896979,2.4499999999812,-0.63));
#438=CARTESIAN_POINT('',(-1.51715709059948,2.45000162324879,-0.630000000000001));
#439=CARTESIAN_POINT('',(-1.60000162324878,2.36715709059949,-0.630000000000001));
#440=CARTESIAN_POINT('',(-1.5999999999812,2.2499972289698,-0.63));
#441=CARTESIAN_POINT('',(-1.39999722896979,2.4499999999812,-0.717263403652465));
#442=CARTESIAN_POINT('',(-1.51715709059947,2.45000162324879,-0.785423118118477));
#443=CARTESIAN_POINT('',(-1.60000162324878,2.36715709059948,-0.833619314425785));
#444=CARTESIAN_POINT('',(-1.5999999999812,2.2499972289698,-0.833618370062523));
#445=CARTESIAN_POINT('',(-1.33846742082393,2.4499999999812,-0.779998441462836));
#446=CARTESIAN_POINT('',(-1.40756756923154,2.45000162324878,-0.897159250147083));
#447=CARTESIAN_POINT('',(-1.45642875275645,2.36715709059948,-0.980004452464887));
#448=CARTESIAN_POINT('',(-1.45642779536319,2.2499972289698,-0.980002829184129));
#449=CARTESIAN_POINT('',(-1.2499979442317,2.4499999999812,-0.779997228955415));
#450=CARTESIAN_POINT('',(-1.24999633851203,2.45000162324879,-0.897157090574224));
#451=CARTESIAN_POINT('',(-1.24999520309637,2.36715709059949,-0.98000162321567));
#452=CARTESIAN_POINT('',(-1.24999520311874,2.2499972289698,-0.979999999947976));
#459=EDGE_LOOP('',(#994,#995,#996,#997));
#461=CARTESIAN_POINT('',(-1.25000205576829,2.4499999999812,-0.779997228955445));
#462=CARTESIAN_POINT('',(-1.25000366148796,2.45000162324877,-0.89715709057424));
#463=CARTESIAN_POINT('',(-1.25000479690362,2.36715709059948,-0.980001623215666));
#464=CARTESIAN_POINT('',(-1.25000479688125,2.24999722896981,-0.979999999947976));
#465=CARTESIAN_POINT('',(-1.16153257917605,2.4499999999812,-0.779998441462863));
#466=CARTESIAN_POINT('',(-1.09243243076847,2.45000162324877,-0.897159250147091));
#467=CARTESIAN_POINT('',(-1.04357124724357,2.36715709059947,-0.980004452464877));
#468=CARTESIAN_POINT('',(-1.04357220463684,2.2499972289698,-0.980002829184122));
#469=CARTESIAN_POINT('',(-1.1000027710302,2.4499999999812,-0.71726340365248));
#470=CARTESIAN_POINT('',(-0.982842909400706,2.45000162324877,-0.785423118118481));
#471=CARTESIAN_POINT('',(-0.899998376751432,2.36715709059947,-0.833619314425777));
#472=CARTESIAN_POINT('',(-0.900000000019185,2.2499972289698,-0.833618370062516));
#473=CARTESIAN_POINT('',(-1.10000277103019,2.4499999999812,-0.629999999999999));
#474=CARTESIAN_POINT('',(-0.982842909400703,2.45000162324877,-0.630000000000001));
#475=CARTESIAN_POINT('',(-0.899998376751432,2.36715709059948,-0.63));
#476=CARTESIAN_POINT('',(-0.900000000019184,2.24999722896981,-0.63));
#477=CARTESIAN_POINT('',(-1.1000027710302,2.4499999999812,-0.542736596347604));
#478=CARTESIAN_POINT('',(-0.982842909400706,2.45000162324877,-0.474576881881523));
#479=CARTESIAN_POINT('',(-0.899998376751432,2.36715709059947,-0.426380685574223));
#480=CARTESIAN_POINT('',(-0.900000000019185,2.2499972289698,-0.426381629937484));
#481=CARTESIAN_POINT('',(-1.16153257917605,2.4499999999812,-0.480001558537146));
#482=CARTESIAN_POINT('',(-1.09243243076847,2.45000162324877,-0.362840749852902));
#483=CARTESIAN_POINT('',(-1.04357124724357,2.36715709059947,-0.279995547535045));
#484=CARTESIAN_POINT('',(-1.04357220463684,2.2499972289698,-0.27999717081587));
#485=CARTESIAN_POINT('',(-1.25000205576829,2.4499999999812,-0.480002771044555));
#486=CARTESIAN_POINT('',(-1.25000366148796,2.45000162324877,-0.36284290942576));
#487=CARTESIAN_POINT('',(-1.25000479690362,2.36715709059948,-0.279998376784327));
#488=CARTESIAN_POINT('',(-1.25000479688125,2.24999722896981,-0.280000000052103));
#495=EDGE_LOOP('',(#998,#999));
#496=AXIS2_PLACEMENT_3D('',#1000,#1001,#1002);
#497=EDGE_LOOP('',(#1003,#1004,#1005,#1006));
#498=AXIS2_PLACEMENT_3D('',#1007,#1008,#1009);
#499=EDGE_LOOP('',(#1010,#1011,#1012,#1013));
#500=AXIS2_PLACEMENT_3D('',#1014,#1015,#1016);
#501=EDGE_LOOP('',(#1017,#1018,#1019,#1020));
#502=AXIS2_PLACEMENT_3D('',#1021,#1022,#1023);
#503=EDGE_LOOP('',(#1024,#1025,#1026,#1027,#1028));
#504=AXIS2_PLACEMENT_3D('',#1029,#1030,#1031);
#505=EDGE_LOOP('',(#1032,#1033,#1034));
#506=AXIS2_PLACEMENT_3D('',#1035,#1036,#1037);
#507=EDGE_LOOP('',(#1038,#1039,#1040,#1041,#1042,#1043));
#508=AXIS2_PLACEMENT_3D('',#1044,#1045,#1046);
#509=EDGE_LOOP('',(#1047,#1048,#1049));
#510=AXIS2_PLACEMENT_3D('',#1050,#1051,#1052);
#511=EDGE_LOOP('',(#1053,#1054,#1055,#1056));
#512=AXIS2_PLACEMENT_3D('',#1057,#1058,#1059);
#513=EDGE_LOOP('',(#1060,#1061,#1062));
#514=AXIS2_PLACEMENT_3D('',#1063,#1064,#1065);
#515=EDGE_LOOP('',(#1066,#1067,#1068,#1069,#1070));
#516=AXIS2_PLACEMENT_3D('',#1071,#1072,#1073);
#517=EDGE_LOOP('',(#1074,#1075,#1076,#1077,#1078,#1079));
#518=AXIS2_PLACEMENT_3D('',#1080,#1081,#1082);
#519=EDGE_LOOP('',(#1083,#1084,#1085,#1086,#1087,#1088,#1089));
#520=AXIS2_PLACEMENT_3D('',#1090,#1091,#1092);
#521=EDGE_LOOP('',(#1093,#1094,#1095,#1096));
#522=AXIS2_PLACEMENT_3D('',#1097,#1098,#1099);
#523=EDGE_LOOP('',(#1100,#1101,#1102,#1103));
#524=AXIS2_PLACEMENT_3D('',#1104,#1105,#1106);
#525=EDGE_LOOP('',(#1107,#1108,#1109,#1110,#1111));
#526=AXIS2_PLACEMENT_3D('',#1112,#1113,#1114);
#527=EDGE_LOOP('',(#1115,#1116,#1117,#1118,#1119,#1120,#1121,#1122));
#528=AXIS2_PLACEMENT_3D('',#1123,#1124,#1125);
#529=EDGE_LOOP('',(#1126,#1127,#1128,#1129));
#530=AXIS2_PLACEMENT_3D('',#1130,#1131,#1132);
#531=EDGE_LOOP('',(#1133,#1134,#1135,#1136,#1137));
#532=AXIS2_PLACEMENT_3D('',#1138,#1139,#1140);
#533=EDGE_LOOP('',(#1141,#1142,#1143,#1144));
#534=AXIS2_PLACEMENT_3D('',#1145,#1146,#1147);
#535=EDGE_LOOP('',(#1148,#1149,#1150,#1151));
#536=AXIS2_PLACEMENT_3D('',#1152,#1153,#1154);
#537=EDGE_LOOP('',(#1155,#1156,#1157,#1158));
#538=AXIS2_PLACEMENT_3D('',#1159,#1160,#1161);
#539=EDGE_LOOP('',(#1162,#1163,#1164,#1165));
#540=AXIS2_PLACEMENT_3D('',#1166,#1167,#1168);
#541=EDGE_LOOP('',(#1169,#1170,#1171,#1172));
#543=CARTESIAN_POINT('',(1.25000479688125,-6.24999722896981,-0.280000000052103));
#544=CARTESIAN_POINT('',(1.25000479690362,-6.36715709059947,-0.279998376784327));
#545=CARTESIAN_POINT('',(1.25000366148796,-6.45000162324877,-0.36284290942576));
#546=CARTESIAN_POINT('',(1.25000205576829,-6.4499999999812,-0.480002771044554));
#547=CARTESIAN_POINT('',(1.04357220463684,-6.2499972289698,-0.279997170815871));
#548=CARTESIAN_POINT('',(1.04357124724357,-6.36715709059947,-0.279995547535045));
#549=CARTESIAN_POINT('',(1.09243243076847,-6.45000162324877,-0.362840749852901));
#550=CARTESIAN_POINT('',(1.16153257917605,-6.44999999998119,-0.480001558537137));
#551=CARTESIAN_POINT('',(0.900000000019186,-6.24999722896981,-0.426381629937484));
#552=CARTESIAN_POINT('',(0.899998376751431,-6.36715709059947,-0.426380685574223));
#553=CARTESIAN_POINT('',(0.982842909400704,-6.45000162324877,-0.474576881881518));
#554=CARTESIAN_POINT('',(1.1000027710302,-6.44999999998119,-0.54273659634752));
#555=CARTESIAN_POINT('',(0.900000000019186,-6.24999722896981,-0.630000000000001));
#556=CARTESIAN_POINT('',(0.899998376751432,-6.36715709059948,-0.63));
#557=CARTESIAN_POINT('',(0.982842909400703,-6.45000162324878,-0.630000000000001));
#558=CARTESIAN_POINT('',(1.1000027710302,-6.4499999999812,-0.63));
#559=CARTESIAN_POINT('',(0.900000000019186,-6.24999722896981,-0.833618370062518));
#560=CARTESIAN_POINT('',(0.899998376751431,-6.36715709059947,-0.833619314425778));
#561=CARTESIAN_POINT('',(0.982842909400704,-6.45000162324877,-0.785423118118481));
#562=CARTESIAN_POINT('',(1.1000027710302,-6.44999999998119,-0.71726340365248));
#563=CARTESIAN_POINT('',(1.04357220463684,-6.2499972289698,-0.980002829184124));
#564=CARTESIAN_POINT('',(1.04357124724357,-6.36715709059947,-0.980004452464877));
#565=CARTESIAN_POINT('',(1.09243243076847,-6.45000162324877,-0.897159250147094));
#566=CARTESIAN_POINT('',(1.16153257917605,-6.44999999998119,-0.779998441462863));
#567=CARTESIAN_POINT('',(1.25000479688125,-6.24999722896981,-0.979999999947977));
#568=CARTESIAN_POINT('',(1.25000479690362,-6.36715709059947,-0.980001623215666));
#569=CARTESIAN_POINT('',(1.25000366148796,-6.45000162324877,-0.897157090574241));
#570=CARTESIAN_POINT('',(1.25000205576829,-6.4499999999812,-0.779997228955447));
#577=EDGE_LOOP('',(#1173,#1174,#1175,#1176));
#579=CARTESIAN_POINT('',(1.24999520311874,-6.2499972289698,-0.979999999947976));
#580=CARTESIAN_POINT('',(1.24999520309637,-6.36715709059947,-0.98000162321567));
#581=CARTESIAN_POINT('',(1.24999633851204,-6.45000162324879,-0.897157090574234));
#582=CARTESIAN_POINT('',(1.2499979442317,-6.4499999999812,-0.779997228955428));
#583=CARTESIAN_POINT('',(1.45642779536319,-6.24999722896979,-0.980002829184128));
#584=CARTESIAN_POINT('',(1.45642875275645,-6.36715709059947,-0.980004452464888));
#585=CARTESIAN_POINT('',(1.40756756923154,-6.45000162324878,-0.897159250147092));
#586=CARTESIAN_POINT('',(1.33846742082394,-6.4499999999812,-0.779998441462848));
#587=CARTESIAN_POINT('',(1.5999999999812,-6.2499972289698,-0.833618370062523));
#588=CARTESIAN_POINT('',(1.60000162324878,-6.36715709059947,-0.833619314425785));
#589=CARTESIAN_POINT('',(1.51715709059948,-6.45000162324877,-0.785423118118481));
#590=CARTESIAN_POINT('',(1.3999972289698,-6.4499999999812,-0.717263403652472));
#591=CARTESIAN_POINT('',(1.5999999999812,-6.2499972289698,-0.63));
#592=CARTESIAN_POINT('',(1.60000162324879,-6.36715709059948,-0.63));
#593=CARTESIAN_POINT('',(1.51715709059948,-6.45000162324878,-0.629999999999999));
#594=CARTESIAN_POINT('',(1.39999722896981,-6.4499999999812,-0.63));
#595=CARTESIAN_POINT('',(1.5999999999812,-6.2499972289698,-0.426381629937478));
#596=CARTESIAN_POINT('',(1.60000162324878,-6.36715709059947,-0.426380685574215));
#597=CARTESIAN_POINT('',(1.51715709059948,-6.45000162324878,-0.474576881881518));
#598=CARTESIAN_POINT('',(1.3999972289698,-6.4499999999812,-0.542736596347528));
#599=CARTESIAN_POINT('',(1.45642779536319,-6.24999722896978,-0.279997170815863));
#600=CARTESIAN_POINT('',(1.45642875275645,-6.36715709059947,-0.279995547535033));
#601=CARTESIAN_POINT('',(1.40756756923154,-6.45000162324878,-0.362840749852903));
#602=CARTESIAN_POINT('',(1.33846742082394,-6.4499999999812,-0.480001558537152));
#603=CARTESIAN_POINT('',(1.24999520311874,-6.2499972289698,-0.280000000052102));
#604=CARTESIAN_POINT('',(1.24999520309637,-6.36715709059949,-0.279998376784323));
#605=CARTESIAN_POINT('',(1.24999633851204,-6.45000162324878,-0.362842909425766));
#606=CARTESIAN_POINT('',(1.2499979442317,-6.44999999998119,-0.480002771044572));
#613=EDGE_LOOP('',(#1177,#1178));
#614=AXIS2_PLACEMENT_3D('',#1179,#1180,#1181);
#615=EDGE_LOOP('',(#1182,#1183,#1184,#1185));
#616=AXIS2_PLACEMENT_3D('',#1186,#1187,#1188);
#617=EDGE_LOOP('',(#1189,#1190,#1191,#1192));
#619=CARTESIAN_POINT('',(-1.24999520311874,-6.2499972289698,-0.280000000052102));
#620=CARTESIAN_POINT('',(-1.24999520309637,-6.36715709059948,-0.279998376784323));
#621=CARTESIAN_POINT('',(-1.24999633851204,-6.45000162324879,-0.362842909425767));
#622=CARTESIAN_POINT('',(-1.2499979442317,-6.44999999998119,-0.480002771044572));
#623=CARTESIAN_POINT('',(-1.45642779536319,-6.2499972289698,-0.279997170815863));
#624=CARTESIAN_POINT('',(-1.45642875275645,-6.36715709059948,-0.279995547535034));
#625=CARTESIAN_POINT('',(-1.40756756923154,-6.45000162324878,-0.362840749852903));
#626=CARTESIAN_POINT('',(-1.33846742082394,-6.4499999999812,-0.480001558537152));
#627=CARTESIAN_POINT('',(-1.59999999998119,-6.2499972289698,-0.426381629937477));
#628=CARTESIAN_POINT('',(-1.60000162324878,-6.36715709059947,-0.426380685574215));
#629=CARTESIAN_POINT('',(-1.51715709059948,-6.45000162324878,-0.474576881881518));
#630=CARTESIAN_POINT('',(-1.3999972289698,-6.4499999999812,-0.542736596347528));
#631=CARTESIAN_POINT('',(-1.5999999999812,-6.2499972289698,-0.63));
#632=CARTESIAN_POINT('',(-1.60000162324879,-6.36715709059949,-0.630000000000001));
#633=CARTESIAN_POINT('',(-1.51715709059948,-6.45000162324878,-0.63));
#634=CARTESIAN_POINT('',(-1.39999722896981,-6.4499999999812,-0.63));
#635=CARTESIAN_POINT('',(-1.59999999998119,-6.2499972289698,-0.833618370062522));
#636=CARTESIAN_POINT('',(-1.60000162324878,-6.36715709059947,-0.833619314425785));
#637=CARTESIAN_POINT('',(-1.51715709059948,-6.45000162324878,-0.785423118118482));
#638=CARTESIAN_POINT('',(-1.3999972289698,-6.4499999999812,-0.717263403652472));
#639=CARTESIAN_POINT('',(-1.45642779536319,-6.24999722896979,-0.980002829184127));
#640=CARTESIAN_POINT('',(-1.45642875275645,-6.36715709059948,-0.980004452464887));
#641=CARTESIAN_POINT('',(-1.40756756923154,-6.45000162324878,-0.897159250147091));
#642=CARTESIAN_POINT('',(-1.33846742082394,-6.4499999999812,-0.779998441462847));
#643=CARTESIAN_POINT('',(-1.24999520311874,-6.2499972289698,-0.979999999947976));
#644=CARTESIAN_POINT('',(-1.24999520309637,-6.36715709059949,-0.980001623215672));
#645=CARTESIAN_POINT('',(-1.24999633851203,-6.45000162324878,-0.897157090574232));
#646=CARTESIAN_POINT('',(-1.2499979442317,-6.4499999999812,-0.779997228955428));
#653=EDGE_LOOP('',(#1193,#1194,#1195,#1196));
#655=CARTESIAN_POINT('',(-1.25000479688125,-6.2499972289698,-0.979999999947975));
#656=CARTESIAN_POINT('',(-1.25000479690362,-6.36715709059947,-0.980001623215666));
#657=CARTESIAN_POINT('',(-1.25000366148796,-6.45000162324877,-0.897157090574241));
#658=CARTESIAN_POINT('',(-1.25000205576829,-6.4499999999812,-0.779997228955445));
#659=CARTESIAN_POINT('',(-1.04357220463684,-6.2499972289698,-0.980002829184122));
#660=CARTESIAN_POINT('',(-1.04357124724357,-6.36715709059947,-0.980004452464877));
#661=CARTESIAN_POINT('',(-1.09243243076847,-6.45000162324877,-0.897159250147093));
#662=CARTESIAN_POINT('',(-1.16153257917605,-6.4499999999812,-0.779998441462864));
#663=CARTESIAN_POINT('',(-0.900000000019186,-6.24999722896981,-0.833618370062518));
#664=CARTESIAN_POINT('',(-0.899998376751431,-6.36715709059947,-0.833619314425778));
#665=CARTESIAN_POINT('',(-0.982842909400705,-6.45000162324878,-0.785423118118482));
#666=CARTESIAN_POINT('',(-1.1000027710302,-6.44999999998119,-0.71726340365248));
#667=CARTESIAN_POINT('',(-0.900000000019186,-6.24999722896981,-0.630000000000001));
#668=CARTESIAN_POINT('',(-0.899998376751432,-6.36715709059948,-0.63));
#669=CARTESIAN_POINT('',(-0.982842909400703,-6.45000162324878,-0.630000000000001));
#670=CARTESIAN_POINT('',(-1.1000027710302,-6.4499999999812,-0.63));
#671=CARTESIAN_POINT('',(-0.900000000019186,-6.24999722896981,-0.426381629937484));
#672=CARTESIAN_POINT('',(-0.899998376751431,-6.36715709059947,-0.426380685574223));
#673=CARTESIAN_POINT('',(-0.982842909400704,-6.45000162324877,-0.474576881881522));
#674=CARTESIAN_POINT('',(-1.1000027710302,-6.44999999998119,-0.542736596347604));
#675=CARTESIAN_POINT('',(-1.04357220463684,-6.2499972289698,-0.27999717081587));
#676=CARTESIAN_POINT('',(-1.04357124724357,-6.36715709059947,-0.279995547535044));
#677=CARTESIAN_POINT('',(-1.09243243076847,-6.45000162324877,-0.362840749852901));
#678=CARTESIAN_POINT('',(-1.16153257917605,-6.4499999999812,-0.480001558537146));
#679=CARTESIAN_POINT('',(-1.25000479688125,-6.24999722896981,-0.280000000052103));
#680=CARTESIAN_POINT('',(-1.25000479690362,-6.36715709059948,-0.279998376784327));
#681=CARTESIAN_POINT('',(-1.25000366148796,-6.45000162324877,-0.362842909425759));
#682=CARTESIAN_POINT('',(-1.25000205576829,-6.4499999999812,-0.480002771044554));
#689=EDGE_LOOP('',(#1197,#1198));
#690=AXIS2_PLACEMENT_3D('',#1199,#1200,#1201);
#691=ORIENTED_EDGE('',*,*,#1202,.T.);
#692=ORIENTED_EDGE('',*,*,#1203,.T.);
#693=ORIENTED_EDGE('',*,*,#1204,.T.);
#694=ORIENTED_EDGE('',*,*,#1205,.F.);
#695=CARTESIAN_POINT('',(-1.25,2.895,-0.63));
#696=DIRECTION('',(0.0,1.0,-0.0));
#697=DIRECTION('',(0.0,0.0,1.0));
#698=ORIENTED_EDGE('',*,*,#1206,.T.);
#699=ORIENTED_EDGE('',*,*,#1207,.T.);
#700=ORIENTED_EDGE('',*,*,#1208,.T.);
#701=ORIENTED_EDGE('',*,*,#1209,.F.);
#702=CARTESIAN_POINT('',(1.25,2.895,-0.63));
#703=DIRECTION('',(0.0,1.0,-0.0));
#704=DIRECTION('',(0.0,0.0,1.0));
#705=ORIENTED_EDGE('',*,*,#1210,.F.);
#706=ORIENTED_EDGE('',*,*,#1211,.T.);
#707=ORIENTED_EDGE('',*,*,#1212,.F.);
#708=ORIENTED_EDGE('',*,*,#1213,.F.);
#709=CARTESIAN_POINT('',(-1.25,2.895,-0.63));
#710=DIRECTION('',(0.0,1.0,-0.0));
#711=DIRECTION('',(0.0,0.0,1.0));
#712=ORIENTED_EDGE('',*,*,#1214,.F.);
#713=ORIENTED_EDGE('',*,*,#1215,.T.);
#714=ORIENTED_EDGE('',*,*,#1216,.F.);
#715=ORIENTED_EDGE('',*,*,#1217,.F.);
#716=CARTESIAN_POINT('',(1.25,2.895,-0.63));
#717=DIRECTION('',(0.0,1.0,-0.0));
#718=DIRECTION('',(0.0,0.0,1.0));
#719=ORIENTED_EDGE('',*,*,#1218,.F.);
#720=ORIENTED_EDGE('',*,*,#1219,.F.);
#721=ORIENTED_EDGE('',*,*,#1220,.F.);
#722=ORIENTED_EDGE('',*,*,#1221,.F.);
#723=CARTESIAN_POINT('',(0.0,-2.95,0.0));
#724=DIRECTION('',(0.0,1.0,0.0));
#725=DIRECTION('',(1.0,0.0,-0.0));
#726=ORIENTED_EDGE('',*,*,#1222,.F.);
#727=ORIENTED_EDGE('',*,*,#1223,.F.);
#728=ORIENTED_EDGE('',*,*,#1224,.T.);
#729=ORIENTED_EDGE('',*,*,#1225,.T.);
#730=CARTESIAN_POINT('',(0.0,-2.95,0.0));
#731=DIRECTION('',(0.0,1.0,0.0));
#732=DIRECTION('',(1.0,0.0,-0.0));
#733=ORIENTED_EDGE('',*,*,#1226,.T.);
#734=ORIENTED_EDGE('',*,*,#1227,.T.);
#735=ORIENTED_EDGE('',*,*,#1228,.F.);
#736=ORIENTED_EDGE('',*,*,#1221,.T.);
#737=CARTESIAN_POINT('',(3.7,-2.95,-1.58));
#738=DIRECTION('',(0.0,0.0,-1.0));
#739=DIRECTION('',(0.0,-1.0,0.0));
#740=ORIENTED_EDGE('',*,*,#1229,.F.);
#741=ORIENTED_EDGE('',*,*,#1230,.T.);
#742=ORIENTED_EDGE('',*,*,#1231,.F.);
#743=ORIENTED_EDGE('',*,*,#1232,.F.);
#744=ORIENTED_EDGE('',*,*,#1218,.T.);
#745=ORIENTED_EDGE('',*,*,#1228,.T.);
#746=CARTESIAN_POINT('',(-2.46,-2.95,-2.43));
#747=DIRECTION('',(-0.707106781186548,0.0,-0.707106781186548));
#748=DIRECTION('',(-0.707106781186548,0.0,0.707106781186548));
#749=ORIENTED_EDGE('',*,*,#1232,.T.);
#750=ORIENTED_EDGE('',*,*,#1233,.F.);
#751=ORIENTED_EDGE('',*,*,#1234,.F.);
#752=ORIENTED_EDGE('',*,*,#1219,.T.);
#753=CARTESIAN_POINT('',(3.7,-2.95,-2.43));
#754=DIRECTION('',(0.0,0.0,-1.0));
#755=DIRECTION('',(0.0,-1.0,0.0));
#756=ORIENTED_EDGE('',*,*,#1235,.F.);
#757=ORIENTED_EDGE('',*,*,#1236,.F.);
#758=ORIENTED_EDGE('',*,*,#1237,.T.);
#759=ORIENTED_EDGE('',*,*,#1238,.F.);
#760=ORIENTED_EDGE('',*,*,#1239,.F.);
#761=CARTESIAN_POINT('',(3.7,-2.95,2.47));
#762=DIRECTION('',(1.0,0.0,0.0));
#763=DIRECTION('',(0.0,1.0,0.0));
#764=ORIENTED_EDGE('',*,*,#1220,.T.);
#765=ORIENTED_EDGE('',*,*,#1234,.T.);
#766=ORIENTED_EDGE('',*,*,#1240,.F.);
#767=ORIENTED_EDGE('',*,*,#1241,.F.);
#768=ORIENTED_EDGE('',*,*,#1242,.F.);
#769=ORIENTED_EDGE('',*,*,#1243,.F.);
#770=ORIENTED_EDGE('',*,*,#1244,.F.);
#771=ORIENTED_EDGE('',*,*,#1245,.F.);
#772=ORIENTED_EDGE('',*,*,#1226,.F.);
#773=CARTESIAN_POINT('',(3.7,-2.95,2.47));
#774=DIRECTION('',(1.0,0.0,0.0));
#775=DIRECTION('',(0.0,1.0,0.0));
#776=ORIENTED_EDGE('',*,*,#1239,.T.);
#777=ORIENTED_EDGE('',*,*,#1246,.T.);
#778=ORIENTED_EDGE('',*,*,#1247,.F.);
#779=ORIENTED_EDGE('',*,*,#1248,.F.);
#780=CARTESIAN_POINT('',(3.7,2.95,1.75));
#781=DIRECTION('',(0.0,-0.707106781186548,0.707106781186548));
#782=DIRECTION('',(-1.0,0.0,0.0));
#783=ORIENTED_EDGE('',*,*,#1249,.T.);
#784=ORIENTED_EDGE('',*,*,#1250,.T.);
#785=ORIENTED_EDGE('',*,*,#1235,.T.);
#786=ORIENTED_EDGE('',*,*,#1248,.T.);
#787=ORIENTED_EDGE('',*,*,#1251,.T.);
#788=ORIENTED_EDGE('',*,*,#1252,.F.);
#789=ORIENTED_EDGE('',*,*,#1253,.F.);
#790=ORIENTED_EDGE('',*,*,#1254,.F.);
#791=CARTESIAN_POINT('',(0.0,2.95,0.0));
#792=DIRECTION('',(0.0,1.0,0.0));
#793=DIRECTION('',(1.0,0.0,-0.0));
#794=ORIENTED_EDGE('',*,*,#1255,.F.);
#795=ORIENTED_EDGE('',*,*,#1256,.F.);
#796=ORIENTED_EDGE('',*,*,#1257,.F.);
#797=ORIENTED_EDGE('',*,*,#1258,.F.);
#798=ORIENTED_EDGE('',*,*,#1240,.T.);
#799=ORIENTED_EDGE('',*,*,#1233,.T.);
#800=ORIENTED_EDGE('',*,*,#1231,.T.);
#801=ORIENTED_EDGE('',*,*,#1259,.T.);
#802=ORIENTED_EDGE('',*,*,#1260,.T.);
#803=ORIENTED_EDGE('',*,*,#1261,.F.);
#804=ORIENTED_EDGE('',*,*,#1262,.F.);
#805=ORIENTED_EDGE('',*,*,#1263,.T.);
#806=ORIENTED_EDGE('',*,*,#1264,.T.);
#807=CARTESIAN_POINT('',(0.0,2.95,0.0));
#808=DIRECTION('',(0.0,1.0,0.0));
#809=DIRECTION('',(1.0,0.0,-0.0));
#810=ORIENTED_EDGE('',*,*,#1265,.T.);
#811=ORIENTED_EDGE('',*,*,#1266,.F.);
#812=ORIENTED_EDGE('',*,*,#1267,.F.);
#813=ORIENTED_EDGE('',*,*,#1254,.T.);
#814=CARTESIAN_POINT('',(-3.7,2.95,1.75));
#815=DIRECTION('',(0.0,0.707106781186548,-0.707106781186548));
#816=DIRECTION('',(-1.0,0.0,0.0));
#817=ORIENTED_EDGE('',*,*,#1268,.T.);
#818=ORIENTED_EDGE('',*,*,#1269,.F.);
#819=ORIENTED_EDGE('',*,*,#1270,.T.);
#820=ORIENTED_EDGE('',*,*,#1249,.F.);
#821=ORIENTED_EDGE('',*,*,#1267,.T.);
#822=CARTESIAN_POINT('',(-3.7,-2.95,-1.19));
#823=DIRECTION('',(-1.0,0.0,0.0));
#824=DIRECTION('',(0.0,0.0,1.0));
#825=ORIENTED_EDGE('',*,*,#1271,.T.);
#826=ORIENTED_EDGE('',*,*,#1272,.T.);
#827=ORIENTED_EDGE('',*,*,#1273,.T.);
#828=ORIENTED_EDGE('',*,*,#1274,.T.);
#829=ORIENTED_EDGE('',*,*,#1259,.F.);
#830=ORIENTED_EDGE('',*,*,#1230,.F.);
#831=ORIENTED_EDGE('',*,*,#1275,.T.);
#832=CARTESIAN_POINT('',(-3.7,-2.95,-1.19));
#833=DIRECTION('',(-1.0,0.0,0.0));
#834=DIRECTION('',(0.0,0.0,1.0));
#835=ORIENTED_EDGE('',*,*,#1236,.T.);
#836=ORIENTED_EDGE('',*,*,#1250,.F.);
#837=ORIENTED_EDGE('',*,*,#1270,.F.);
#838=ORIENTED_EDGE('',*,*,#1276,.T.);
#839=CARTESIAN_POINT('',(-3.7,-2.95,2.47));
#840=DIRECTION('',(0.0,0.0,1.0));
#841=DIRECTION('',(1.0,0.0,0.0));
#842=ORIENTED_EDGE('',*,*,#1277,.F.);
#843=ORIENTED_EDGE('',*,*,#1278,.F.);
#844=ORIENTED_EDGE('',*,*,#1237,.F.);
#845=ORIENTED_EDGE('',*,*,#1276,.F.);
#846=ORIENTED_EDGE('',*,*,#1269,.T.);
#847=ORIENTED_EDGE('',*,*,#1279,.T.);
#848=ORIENTED_EDGE('',*,*,#1280,.T.);
#849=ORIENTED_EDGE('',*,*,#1281,.F.);
#850=CARTESIAN_POINT('',(3.7,-1.95,1.25));
#851=DIRECTION('',(0.0,1.0,0.0));
#852=DIRECTION('',(1.0,0.0,-0.0));
#853=ORIENTED_EDGE('',*,*,#1282,.T.);
#854=ORIENTED_EDGE('',*,*,#1281,.T.);
#855=ORIENTED_EDGE('',*,*,#1283,.F.);
#856=ORIENTED_EDGE('',*,*,#1223,.T.);
#857=CARTESIAN_POINT('',(-3.7,-2.95,1.47));
#858=DIRECTION('',(0.0,0.0,1.0));
#859=DIRECTION('',(1.0,0.0,0.0));
#860=ORIENTED_EDGE('',*,*,#1284,.F.);
#861=ORIENTED_EDGE('',*,*,#1224,.F.);
#862=ORIENTED_EDGE('',*,*,#1283,.T.);
#863=ORIENTED_EDGE('',*,*,#1280,.F.);
#864=ORIENTED_EDGE('',*,*,#1285,.F.);
#865=ORIENTED_EDGE('',*,*,#1286,.T.);
#866=ORIENTED_EDGE('',*,*,#1287,.F.);
#867=ORIENTED_EDGE('',*,*,#1288,.T.);
#868=CARTESIAN_POINT('',(-3.0,-2.95,2.47));
#869=DIRECTION('',(1.0,0.0,0.0));
#870=DIRECTION('',(0.0,1.0,0.0));
#871=ORIENTED_EDGE('',*,*,#1229,.T.);
#872=ORIENTED_EDGE('',*,*,#1227,.F.);
#873=ORIENTED_EDGE('',*,*,#1245,.T.);
#874=ORIENTED_EDGE('',*,*,#1289,.F.);
#875=ORIENTED_EDGE('',*,*,#1290,.T.);
#876=ORIENTED_EDGE('',*,*,#1291,.T.);
#877=ORIENTED_EDGE('',*,*,#1288,.F.);
#878=ORIENTED_EDGE('',*,*,#1292,.T.);
#879=ORIENTED_EDGE('',*,*,#1275,.F.);
#880=ORIENTED_EDGE('',*,*,#1206,.F.);
#881=ORIENTED_EDGE('',*,*,#1293,.F.);
#882=ORIENTED_EDGE('',*,*,#1202,.F.);
#883=ORIENTED_EDGE('',*,*,#1294,.F.);
#884=CARTESIAN_POINT('',(3.7,-2.85,-1.58));
#885=DIRECTION('',(0.0,1.0,0.0));
#886=DIRECTION('',(1.0,0.0,-0.0));
#887=ORIENTED_EDGE('',*,*,#1287,.T.);
#888=ORIENTED_EDGE('',*,*,#1295,.T.);
#889=ORIENTED_EDGE('',*,*,#1296,.F.);
#890=ORIENTED_EDGE('',*,*,#1271,.F.);
#891=ORIENTED_EDGE('',*,*,#1292,.F.);
#892=CARTESIAN_POINT('',(-3.7,-2.95,-0.25));
#893=DIRECTION('',(0.0,0.0,1.0));
#894=DIRECTION('',(1.0,0.0,0.0));
#895=ORIENTED_EDGE('',*,*,#1296,.T.);
#896=ORIENTED_EDGE('',*,*,#1297,.T.);
#897=ORIENTED_EDGE('',*,*,#1298,.F.);
#898=ORIENTED_EDGE('',*,*,#1272,.F.);
#899=CARTESIAN_POINT('',(-3.7,1.95,-0.25));
#900=DIRECTION('',(0.0,-1.0,0.0));
#901=DIRECTION('',(0.0,0.0,-1.0));
#902=ORIENTED_EDGE('',*,*,#1298,.T.);
#903=ORIENTED_EDGE('',*,*,#1299,.T.);
#904=ORIENTED_EDGE('',*,*,#1300,.F.);
#905=ORIENTED_EDGE('',*,*,#1273,.F.);
#906=CARTESIAN_POINT('',(-3.7,1.95,0.45));
#907=DIRECTION('',(0.0,0.0,1.0));
#908=DIRECTION('',(1.0,0.0,0.0));
#909=ORIENTED_EDGE('',*,*,#1274,.F.);
#910=ORIENTED_EDGE('',*,*,#1300,.T.);
#911=ORIENTED_EDGE('',*,*,#1301,.T.);
#912=ORIENTED_EDGE('',*,*,#1260,.F.);
#913=CARTESIAN_POINT('',(-3.7,2.45,0.45));
#914=DIRECTION('',(-0.0,0.707106781186548,0.707106781186548));
#915=DIRECTION('',(1.0,0.0,0.0));
#916=ORIENTED_EDGE('',*,*,#1253,.T.);
#917=ORIENTED_EDGE('',*,*,#1302,.T.);
#918=ORIENTED_EDGE('',*,*,#1303,.T.);
#919=ORIENTED_EDGE('',*,*,#1304,.F.);
#920=ORIENTED_EDGE('',*,*,#1305,.T.);
#921=ORIENTED_EDGE('',*,*,#1265,.F.);
#922=CARTESIAN_POINT('',(-3.0,2.95,-0.8293398282202));
#923=DIRECTION('',(-1.0,0.0,0.0));
#924=DIRECTION('',(0.0,0.0,1.0));
#925=ORIENTED_EDGE('',*,*,#1306,.F.);
#926=ORIENTED_EDGE('',*,*,#1307,.F.);
#927=ORIENTED_EDGE('',*,*,#1261,.T.);
#928=ORIENTED_EDGE('',*,*,#1301,.F.);
#929=ORIENTED_EDGE('',*,*,#1299,.F.);
#930=ORIENTED_EDGE('',*,*,#1297,.F.);
#931=ORIENTED_EDGE('',*,*,#1295,.F.);
#932=CARTESIAN_POINT('',(-3.0,2.95,-0.8293398282202));
#933=DIRECTION('',(-1.0,0.0,0.0));
#934=DIRECTION('',(0.0,0.0,1.0));
#935=ORIENTED_EDGE('',*,*,#1266,.T.);
#936=ORIENTED_EDGE('',*,*,#1305,.F.);
#937=ORIENTED_EDGE('',*,*,#1285,.T.);
#938=ORIENTED_EDGE('',*,*,#1279,.F.);
#939=ORIENTED_EDGE('',*,*,#1268,.F.);
#940=CARTESIAN_POINT('',(-3.7,2.45,1.25));
#941=DIRECTION('',(0.0,0.0,-1.0));
#942=DIRECTION('',(0.0,-1.0,0.0));
#943=ORIENTED_EDGE('',*,*,#1308,.T.);
#944=ORIENTED_EDGE('',*,*,#1309,.T.);
#945=ORIENTED_EDGE('',*,*,#1306,.T.);
#946=ORIENTED_EDGE('',*,*,#1286,.F.);
#947=ORIENTED_EDGE('',*,*,#1304,.T.);
#948=ORIENTED_EDGE('',*,*,#1310,.T.);
#949=ORIENTED_EDGE('',*,*,#1311,.T.);
#950=ORIENTED_EDGE('',*,*,#1312,.T.);
#951=ORIENTED_EDGE('',*,*,#1313,.T.);
#952=ORIENTED_EDGE('',*,*,#1314,.T.);
#953=ORIENTED_EDGE('',*,*,#1315,.T.);
#954=ORIENTED_EDGE('',*,*,#1316,.F.);
#955=ORIENTED_EDGE('',*,*,#1317,.F.);
#956=ORIENTED_EDGE('',*,*,#1212,.T.);
#957=ORIENTED_EDGE('',*,*,#1318,.T.);
#958=ORIENTED_EDGE('',*,*,#1216,.T.);
#959=ORIENTED_EDGE('',*,*,#1319,.T.);
#960=CARTESIAN_POINT('',(0.0,-1.05,0.0));
#961=DIRECTION('',(0.0,-1.0,0.0));
#962=DIRECTION('',(0.0,0.0,-1.0));
#963=ORIENTED_EDGE('',*,*,#1215,.F.);
#964=ORIENTED_EDGE('',*,*,#1320,.T.);
#965=ORIENTED_EDGE('',*,*,#1217,.T.);
#966=ORIENTED_EDGE('',*,*,#1319,.F.);
#967=CARTESIAN_POINT('',(1.25,2.895,-0.63));
#968=DIRECTION('',(0.0,1.0,-0.0));
#969=DIRECTION('',(0.0,0.0,1.0));
#970=ORIENTED_EDGE('',*,*,#1214,.T.);
#971=ORIENTED_EDGE('',*,*,#1321,.T.);
#972=ORIENTED_EDGE('',*,*,#1322,.F.);
#973=ORIENTED_EDGE('',*,*,#1323,.F.);
#974=ORIENTED_EDGE('',*,*,#1324,.T.);
#975=ORIENTED_EDGE('',*,*,#1321,.F.);
#976=ORIENTED_EDGE('',*,*,#1320,.F.);
#977=ORIENTED_EDGE('',*,*,#1323,.T.);
#978=ORIENTED_EDGE('',*,*,#1324,.F.);
#979=ORIENTED_EDGE('',*,*,#1322,.T.);
#980=CARTESIAN_POINT('',(1.25,2.45,-0.63));
#981=DIRECTION('',(0.0,-1.0,0.0));
#982=DIRECTION('',(0.0,0.0,-1.0));
#983=ORIENTED_EDGE('',*,*,#1211,.F.);
#984=ORIENTED_EDGE('',*,*,#1325,.T.);
#985=ORIENTED_EDGE('',*,*,#1213,.T.);
#986=ORIENTED_EDGE('',*,*,#1318,.F.);
#987=CARTESIAN_POINT('',(-1.25,2.895,-0.63));
#988=DIRECTION('',(0.0,1.0,-0.0));
#989=DIRECTION('',(0.0,0.0,1.0));
#990=ORIENTED_EDGE('',*,*,#1210,.T.);
#991=ORIENTED_EDGE('',*,*,#1326,.T.);
#992=ORIENTED_EDGE('',*,*,#1327,.F.);
#993=ORIENTED_EDGE('',*,*,#1328,.F.);
#994=ORIENTED_EDGE('',*,*,#1329,.T.);
#995=ORIENTED_EDGE('',*,*,#1326,.F.);
#996=ORIENTED_EDGE('',*,*,#1325,.F.);
#997=ORIENTED_EDGE('',*,*,#1328,.T.);
#998=ORIENTED_EDGE('',*,*,#1329,.F.);
#999=ORIENTED_EDGE('',*,*,#1327,.T.);
#1000=CARTESIAN_POINT('',(-1.25,2.45,-0.63));
#1001=DIRECTION('',(0.0,-1.0,0.0));
#1002=DIRECTION('',(0.0,0.0,-1.0));
#1003=ORIENTED_EDGE('',*,*,#1317,.T.);
#1004=ORIENTED_EDGE('',*,*,#1330,.T.);
#1005=ORIENTED_EDGE('',*,*,#1331,.F.);
#1006=ORIENTED_EDGE('',*,*,#1332,.F.);
#1007=CARTESIAN_POINT('',(-0.425,-1.05,-1.75));
#1008=DIRECTION('',(-0.727013152549817,0.0,0.686623532963716));
#1009=DIRECTION('',(0.0,1.0,0.0));
#1010=ORIENTED_EDGE('',*,*,#1333,.T.);
#1011=ORIENTED_EDGE('',*,*,#1334,.T.);
#1012=ORIENTED_EDGE('',*,*,#1308,.F.);
#1013=ORIENTED_EDGE('',*,*,#1332,.T.);
#1014=CARTESIAN_POINT('',(2.07933982822,2.95,-1.75));
#1015=DIRECTION('',(0.0,0.0,-1.0));
#1016=DIRECTION('',(0.0,-1.0,0.0));
#1017=ORIENTED_EDGE('',*,*,#1315,.F.);
#1018=ORIENTED_EDGE('',*,*,#1335,.F.);
#1019=ORIENTED_EDGE('',*,*,#1336,.T.);
#1020=ORIENTED_EDGE('',*,*,#1337,.F.);
#1021=CARTESIAN_POINT('',(2.07933982822,2.95,-1.75));
#1022=DIRECTION('',(0.0,0.0,-1.0));
#1023=DIRECTION('',(0.0,-1.0,0.0));
#1024=ORIENTED_EDGE('',*,*,#1307,.T.);
#1025=ORIENTED_EDGE('',*,*,#1309,.F.);
#1026=ORIENTED_EDGE('',*,*,#1334,.F.);
#1027=ORIENTED_EDGE('',*,*,#1338,.F.);
#1028=ORIENTED_EDGE('',*,*,#1262,.T.);
#1029=CARTESIAN_POINT('',(-2.07933982822,2.95,-1.75));
#1030=DIRECTION('',(-0.707106781186548,0.0,-0.707106781186548));
#1031=DIRECTION('',(-0.707106781186548,0.0,0.707106781186548));
#1032=ORIENTED_EDGE('',*,*,#1263,.F.);
#1033=ORIENTED_EDGE('',*,*,#1338,.T.);
#1034=ORIENTED_EDGE('',*,*,#1339,.T.);
#1035=CARTESIAN_POINT('',(-2.07933982822,0.0,0.0));
#1036=DIRECTION('',(1.0,0.0,0.0));
#1037=DIRECTION('',(0.0,1.0,0.0));
#1038=ORIENTED_EDGE('',*,*,#1336,.F.);
#1039=ORIENTED_EDGE('',*,*,#1340,.T.);
#1040=ORIENTED_EDGE('',*,*,#1264,.F.);
#1041=ORIENTED_EDGE('',*,*,#1339,.F.);
#1042=ORIENTED_EDGE('',*,*,#1333,.F.);
#1043=ORIENTED_EDGE('',*,*,#1341,.T.);
#1044=CARTESIAN_POINT('',(2.07933982822,2.7,-1.75));
#1045=DIRECTION('',(0.0,-0.707106781186548,-0.707106781186548));
#1046=DIRECTION('',(0.0,-0.707106781186548,0.707106781186548));
#1047=ORIENTED_EDGE('',*,*,#1331,.T.);
#1048=ORIENTED_EDGE('',*,*,#1342,.T.);
#1049=ORIENTED_EDGE('',*,*,#1341,.F.);
#1050=CARTESIAN_POINT('',(0.0,2.7,0.0));
#1051=DIRECTION('',(0.0,1.0,0.0));
#1052=DIRECTION('',(1.0,0.0,-0.0));
#1053=ORIENTED_EDGE('',*,*,#1342,.F.);
#1054=ORIENTED_EDGE('',*,*,#1330,.F.);
#1055=ORIENTED_EDGE('',*,*,#1316,.T.);
#1056=ORIENTED_EDGE('',*,*,#1337,.T.);
#1057=CARTESIAN_POINT('',(0.0,-1.05,-1.3));
#1058=DIRECTION('',(0.727013152549817,0.0,0.686623532963716));
#1059=DIRECTION('',(0.0,-1.0,0.0));
#1060=ORIENTED_EDGE('',*,*,#1343,.F.);
#1061=ORIENTED_EDGE('',*,*,#1255,.T.);
#1062=ORIENTED_EDGE('',*,*,#1340,.F.);
#1063=CARTESIAN_POINT('',(2.07933982822,0.0,0.0));
#1064=DIRECTION('',(1.0,0.0,0.0));
#1065=DIRECTION('',(0.0,1.0,0.0));
#1066=ORIENTED_EDGE('',*,*,#1343,.T.);
#1067=ORIENTED_EDGE('',*,*,#1335,.T.);
#1068=ORIENTED_EDGE('',*,*,#1314,.F.);
#1069=ORIENTED_EDGE('',*,*,#1344,.F.);
#1070=ORIENTED_EDGE('',*,*,#1256,.T.);
#1071=CARTESIAN_POINT('',(3.0,2.95,-0.8293398282202));
#1072=DIRECTION('',(0.707106781186548,0.0,-0.707106781186548));
#1073=DIRECTION('',(0.0,-1.0,0.0));
#1074=ORIENTED_EDGE('',*,*,#1345,.F.);
#1075=ORIENTED_EDGE('',*,*,#1311,.F.);
#1076=ORIENTED_EDGE('',*,*,#1346,.F.);
#1077=ORIENTED_EDGE('',*,*,#1347,.F.);
#1078=ORIENTED_EDGE('',*,*,#1251,.F.);
#1079=ORIENTED_EDGE('',*,*,#1247,.T.);
#1080=CARTESIAN_POINT('',(3.0,2.95,1.75));
#1081=DIRECTION('',(1.0,0.0,0.0));
#1082=DIRECTION('',(0.0,1.0,0.0));
#1083=ORIENTED_EDGE('',*,*,#1348,.T.);
#1084=ORIENTED_EDGE('',*,*,#1349,.T.);
#1085=ORIENTED_EDGE('',*,*,#1350,.T.);
#1086=ORIENTED_EDGE('',*,*,#1257,.T.);
#1087=ORIENTED_EDGE('',*,*,#1344,.T.);
#1088=ORIENTED_EDGE('',*,*,#1313,.F.);
#1089=ORIENTED_EDGE('',*,*,#1351,.T.);
#1090=CARTESIAN_POINT('',(3.0,2.95,1.75));
#1091=DIRECTION('',(1.0,0.0,0.0));
#1092=DIRECTION('',(0.0,1.0,0.0));
#1093=ORIENTED_EDGE('',*,*,#1347,.T.);
#1094=ORIENTED_EDGE('',*,*,#1352,.F.);
#1095=ORIENTED_EDGE('',*,*,#1302,.F.);
#1096=ORIENTED_EDGE('',*,*,#1252,.T.);
#1097=CARTESIAN_POINT('',(-3.0,2.95,2.0));
#1098=DIRECTION('',(0.0,0.707106781186548,-0.707106781186548));
#1099=DIRECTION('',(-1.0,0.0,0.0));
#1100=ORIENTED_EDGE('',*,*,#1352,.T.);
#1101=ORIENTED_EDGE('',*,*,#1346,.T.);
#1102=ORIENTED_EDGE('',*,*,#1310,.F.);
#1103=ORIENTED_EDGE('',*,*,#1303,.F.);
#1104=CARTESIAN_POINT('',(-3.0,2.95,1.75));
#1105=DIRECTION('',(0.0,0.0,1.0));
#1106=DIRECTION('',(1.0,0.0,0.0));
#1107=ORIENTED_EDGE('',*,*,#1278,.T.);
#1108=ORIENTED_EDGE('',*,*,#1353,.F.);
#1109=ORIENTED_EDGE('',*,*,#1345,.T.);
#1110=ORIENTED_EDGE('',*,*,#1246,.F.);
#1111=ORIENTED_EDGE('',*,*,#1238,.T.);
#1112=CARTESIAN_POINT('',(3.7,2.45,1.25));
#1113=DIRECTION('',(0.0,0.0,1.0));
#1114=DIRECTION('',(1.0,0.0,0.0));
#1115=ORIENTED_EDGE('',*,*,#1354,.T.);
#1116=ORIENTED_EDGE('',*,*,#1312,.F.);
#1117=ORIENTED_EDGE('',*,*,#1353,.T.);
#1118=ORIENTED_EDGE('',*,*,#1277,.T.);
#1119=ORIENTED_EDGE('',*,*,#1282,.F.);
#1120=ORIENTED_EDGE('',*,*,#1222,.T.);
#1121=ORIENTED_EDGE('',*,*,#1355,.T.);
#1122=ORIENTED_EDGE('',*,*,#1290,.F.);
#1123=CARTESIAN_POINT('',(3.0,-2.95,2.47));
#1124=DIRECTION('',(1.0,0.0,0.0));
#1125=DIRECTION('',(0.0,1.0,0.0));
#1126=ORIENTED_EDGE('',*,*,#1284,.T.);
#1127=ORIENTED_EDGE('',*,*,#1291,.F.);
#1128=ORIENTED_EDGE('',*,*,#1355,.F.);
#1129=ORIENTED_EDGE('',*,*,#1225,.F.);
#1130=CARTESIAN_POINT('',(3.7,-2.85,0.62));
#1131=DIRECTION('',(0.0,0.0,1.0));
#1132=DIRECTION('',(1.0,0.0,0.0));
#1133=ORIENTED_EDGE('',*,*,#1244,.T.);
#1134=ORIENTED_EDGE('',*,*,#1356,.T.);
#1135=ORIENTED_EDGE('',*,*,#1351,.F.);
#1136=ORIENTED_EDGE('',*,*,#1354,.F.);
#1137=ORIENTED_EDGE('',*,*,#1289,.T.);
#1138=CARTESIAN_POINT('',(3.7,-2.95,-0.25));
#1139=DIRECTION('',(0.0,0.0,-1.0));
#1140=DIRECTION('',(0.0,-1.0,0.0));
#1141=ORIENTED_EDGE('',*,*,#1357,.T.);
#1142=ORIENTED_EDGE('',*,*,#1348,.F.);
#1143=ORIENTED_EDGE('',*,*,#1356,.F.);
#1144=ORIENTED_EDGE('',*,*,#1243,.T.);
#1145=CARTESIAN_POINT('',(3.7,1.95,-0.25));
#1146=DIRECTION('',(0.0,1.0,0.0));
#1147=DIRECTION('',(1.0,0.0,-0.0));
#1148=ORIENTED_EDGE('',*,*,#1358,.T.);
#1149=ORIENTED_EDGE('',*,*,#1349,.F.);
#1150=ORIENTED_EDGE('',*,*,#1357,.F.);
#1151=ORIENTED_EDGE('',*,*,#1242,.T.);
#1152=CARTESIAN_POINT('',(3.7,1.95,0.45));
#1153=DIRECTION('',(0.0,0.0,-1.0));
#1154=DIRECTION('',(0.0,-1.0,0.0));
#1155=ORIENTED_EDGE('',*,*,#1350,.F.);
#1156=ORIENTED_EDGE('',*,*,#1358,.F.);
#1157=ORIENTED_EDGE('',*,*,#1241,.T.);
#1158=ORIENTED_EDGE('',*,*,#1258,.T.);
#1159=CARTESIAN_POINT('',(3.7,2.45,0.45));
#1160=DIRECTION('',(0.0,-0.707106781186548,-0.707106781186548));
#1161=DIRECTION('',(0.0,-0.707106781186548,0.707106781186548));
#1162=ORIENTED_EDGE('',*,*,#1207,.F.);
#1163=ORIENTED_EDGE('',*,*,#1293,.T.);
#1164=ORIENTED_EDGE('',*,*,#1209,.T.);
#1165=ORIENTED_EDGE('',*,*,#1359,.F.);
#1166=CARTESIAN_POINT('',(1.25,2.895,-0.63));
#1167=DIRECTION('',(0.0,1.0,-0.0));
#1168=DIRECTION('',(0.0,0.0,1.0));
#1169=ORIENTED_EDGE('',*,*,#1360,.T.);
#1170=ORIENTED_EDGE('',*,*,#1361,.T.);
#1171=ORIENTED_EDGE('',*,*,#1208,.F.);
#1172=ORIENTED_EDGE('',*,*,#1362,.F.);
#1173=ORIENTED_EDGE('',*,*,#1359,.T.);
#1174=ORIENTED_EDGE('',*,*,#1361,.F.);
#1175=ORIENTED_EDGE('',*,*,#1363,.F.);
#1176=ORIENTED_EDGE('',*,*,#1362,.T.);
#1177=ORIENTED_EDGE('',*,*,#1363,.T.);
#1178=ORIENTED_EDGE('',*,*,#1360,.F.);
#1179=CARTESIAN_POINT('',(1.25,-6.45,-0.63));
#1180=DIRECTION('',(0.0,-1.0,0.0));
#1181=DIRECTION('',(0.0,0.0,-1.0));
#1182=ORIENTED_EDGE('',*,*,#1203,.F.);
#1183=ORIENTED_EDGE('',*,*,#1294,.T.);
#1184=ORIENTED_EDGE('',*,*,#1205,.T.);
#1185=ORIENTED_EDGE('',*,*,#1364,.F.);
#1186=CARTESIAN_POINT('',(-1.25,2.895,-0.63));
#1187=DIRECTION('',(0.0,1.0,-0.0));
#1188=DIRECTION('',(0.0,0.0,1.0));
#1189=ORIENTED_EDGE('',*,*,#1365,.T.);
#1190=ORIENTED_EDGE('',*,*,#1366,.T.);
#1191=ORIENTED_EDGE('',*,*,#1204,.F.);
#1192=ORIENTED_EDGE('',*,*,#1367,.F.);
#1193=ORIENTED_EDGE('',*,*,#1364,.T.);
#1194=ORIENTED_EDGE('',*,*,#1366,.F.);
#1195=ORIENTED_EDGE('',*,*,#1368,.F.);
#1196=ORIENTED_EDGE('',*,*,#1367,.T.);
#1197=ORIENTED_EDGE('',*,*,#1368,.T.);
#1198=ORIENTED_EDGE('',*,*,#1365,.F.);
#1199=CARTESIAN_POINT('',(-1.25,-6.45,-0.63));
#1200=DIRECTION('',(0.0,-1.0,0.0));
#1201=DIRECTION('',(0.0,0.0,-1.0));
#1202=EDGE_CURVE('',#1369,#1370,#1371,.T.);
#1203=EDGE_CURVE('',#1370,#1372,#1373,.T.);
#1204=EDGE_CURVE('',#1372,#1374,#1375,.T.);
#1205=EDGE_CURVE('',#1369,#1374,#1376,.T.);
#1206=EDGE_CURVE('',#1377,#1378,#1379,.T.);
#1207=EDGE_CURVE('',#1378,#1380,#1381,.T.);
#1208=EDGE_CURVE('',#1380,#1382,#1383,.T.);
#1209=EDGE_CURVE('',#1377,#1382,#1384,.T.);
#1210=EDGE_CURVE('',#1385,#1386,#1387,.T.);
#1211=EDGE_CURVE('',#1385,#1388,#1389,.T.);
#1212=EDGE_CURVE('',#1390,#1388,#1391,.T.);
#1213=EDGE_CURVE('',#1386,#1390,#1392,.T.);
#1214=EDGE_CURVE('',#1393,#1394,#1395,.T.);
#1215=EDGE_CURVE('',#1393,#1396,#1397,.T.);
#1216=EDGE_CURVE('',#1398,#1396,#1399,.T.);
#1217=EDGE_CURVE('',#1394,#1398,#1400,.T.);
#1218=EDGE_CURVE('',#1401,#1402,#1403,.T.);
#1219=EDGE_CURVE('',#1404,#1401,#1405,.T.);
#1220=EDGE_CURVE('',#1406,#1404,#1407,.T.);
#1221=EDGE_CURVE('',#1402,#1406,#1408,.T.);
#1222=EDGE_CURVE('',#1409,#1410,#1411,.T.);
#1223=EDGE_CURVE('',#1412,#1409,#1413,.T.);
#1224=EDGE_CURVE('',#1412,#1414,#1415,.T.);
#1225=EDGE_CURVE('',#1414,#1410,#1416,.T.);
#1226=EDGE_CURVE('',#1406,#1417,#1418,.T.);
#1227=EDGE_CURVE('',#1417,#1419,#1420,.T.);
#1228=EDGE_CURVE('',#1402,#1419,#1421,.T.);
#1229=EDGE_CURVE('',#1422,#1419,#1423,.T.);
#1230=EDGE_CURVE('',#1422,#1424,#1425,.T.);
#1231=EDGE_CURVE('',#1426,#1424,#1427,.T.);
#1232=EDGE_CURVE('',#1401,#1426,#1428,.T.);
#1233=EDGE_CURVE('',#1429,#1426,#1430,.T.);
#1234=EDGE_CURVE('',#1404,#1429,#1431,.T.);
#1235=EDGE_CURVE('',#1432,#1433,#1434,.T.);
#1236=EDGE_CURVE('',#1435,#1432,#1436,.T.);
#1237=EDGE_CURVE('',#1435,#1437,#1438,.T.);
#1238=EDGE_CURVE('',#1439,#1437,#1440,.T.);
#1239=EDGE_CURVE('',#1433,#1439,#1441,.T.);
#1240=EDGE_CURVE('',#1442,#1429,#1443,.T.);
#1241=EDGE_CURVE('',#1444,#1442,#1445,.T.);
#1242=EDGE_CURVE('',#1446,#1444,#1447,.T.);
#1243=EDGE_CURVE('',#1448,#1446,#1449,.T.);
#1244=EDGE_CURVE('',#1450,#1448,#1451,.T.);
#1245=EDGE_CURVE('',#1417,#1450,#1452,.T.);
#1246=EDGE_CURVE('',#1439,#1453,#1454,.T.);
#1247=EDGE_CURVE('',#1455,#1453,#1456,.T.);
#1248=EDGE_CURVE('',#1433,#1455,#1457,.T.);
#1249=EDGE_CURVE('',#1458,#1459,#1460,.T.);
#1250=EDGE_CURVE('',#1459,#1432,#1461,.T.);
#1251=EDGE_CURVE('',#1455,#1462,#1463,.T.);
#1252=EDGE_CURVE('',#1464,#1462,#1465,.T.);
#1253=EDGE_CURVE('',#1466,#1464,#1467,.T.);
#1254=EDGE_CURVE('',#1458,#1466,#1468,.T.);
#1255=EDGE_CURVE('',#1469,#1470,#1471,.T.);
#1256=EDGE_CURVE('',#1472,#1469,#1473,.T.);
#1257=EDGE_CURVE('',#1474,#1472,#1475,.T.);
#1258=EDGE_CURVE('',#1442,#1474,#1476,.T.);
#1259=EDGE_CURVE('',#1424,#1477,#1478,.T.);
#1260=EDGE_CURVE('',#1477,#1479,#1480,.T.);
#1261=EDGE_CURVE('',#1481,#1479,#1482,.T.);
#1262=EDGE_CURVE('',#1483,#1481,#1484,.T.);
#1263=EDGE_CURVE('',#1483,#1485,#1486,.T.);
#1264=EDGE_CURVE('',#1485,#1470,#1487,.T.);
#1265=EDGE_CURVE('',#1466,#1488,#1489,.T.);
#1266=EDGE_CURVE('',#1490,#1488,#1491,.T.);
#1267=EDGE_CURVE('',#1458,#1490,#1492,.T.);
#1268=EDGE_CURVE('',#1490,#1493,#1494,.T.);
#1269=EDGE_CURVE('',#1495,#1493,#1496,.T.);
#1270=EDGE_CURVE('',#1495,#1459,#1497,.T.);
#1271=EDGE_CURVE('',#1498,#1499,#1500,.T.);
#1272=EDGE_CURVE('',#1499,#1501,#1502,.T.);
#1273=EDGE_CURVE('',#1501,#1503,#1504,.T.);
#1274=EDGE_CURVE('',#1503,#1477,#1505,.T.);
#1275=EDGE_CURVE('',#1422,#1498,#1506,.T.);
#1276=EDGE_CURVE('',#1495,#1435,#1507,.T.);
#1277=EDGE_CURVE('',#1508,#1509,#1510,.T.);
#1278=EDGE_CURVE('',#1437,#1508,#1511,.T.);
#1279=EDGE_CURVE('',#1493,#1512,#1513,.T.);
#1280=EDGE_CURVE('',#1512,#1514,#1515,.T.);
#1281=EDGE_CURVE('',#1509,#1514,#1516,.T.);
#1282=EDGE_CURVE('',#1409,#1509,#1517,.T.);
#1283=EDGE_CURVE('',#1412,#1514,#1518,.T.);
#1284=EDGE_CURVE('',#1414,#1519,#1520,.T.);
#1285=EDGE_CURVE('',#1521,#1512,#1522,.T.);
#1286=EDGE_CURVE('',#1521,#1523,#1524,.T.);
#1287=EDGE_CURVE('',#1525,#1523,#1526,.T.);
#1288=EDGE_CURVE('',#1525,#1519,#1527,.T.);
#1289=EDGE_CURVE('',#1528,#1450,#1529,.T.);
#1290=EDGE_CURVE('',#1528,#1530,#1531,.T.);
#1291=EDGE_CURVE('',#1530,#1519,#1532,.T.);
#1292=EDGE_CURVE('',#1525,#1498,#1533,.T.);
#1293=EDGE_CURVE('',#1378,#1377,#1534,.T.);
#1294=EDGE_CURVE('',#1370,#1369,#1535,.T.);
#1295=EDGE_CURVE('',#1523,#1536,#1537,.T.);
#1296=EDGE_CURVE('',#1499,#1536,#1538,.T.);
#1297=EDGE_CURVE('',#1536,#1539,#1540,.T.);
#1298=EDGE_CURVE('',#1501,#1539,#1541,.T.);
#1299=EDGE_CURVE('',#1539,#1542,#1543,.T.);
#1300=EDGE_CURVE('',#1503,#1542,#1544,.T.);
#1301=EDGE_CURVE('',#1542,#1479,#1545,.T.);
#1302=EDGE_CURVE('',#1464,#1546,#1547,.T.);
#1303=EDGE_CURVE('',#1546,#1548,#1549,.T.);
#1304=EDGE_CURVE('',#1521,#1548,#1550,.T.);
#1305=EDGE_CURVE('',#1521,#1488,#1551,.T.);
#1306=EDGE_CURVE('',#1552,#1523,#1553,.T.);
#1307=EDGE_CURVE('',#1481,#1552,#1554,.T.);
#1308=EDGE_CURVE('',#1555,#1556,#1557,.T.);
#1309=EDGE_CURVE('',#1556,#1552,#1558,.T.);
#1310=EDGE_CURVE('',#1548,#1559,#1560,.T.);
#1311=EDGE_CURVE('',#1559,#1561,#1562,.T.);
#1312=EDGE_CURVE('',#1561,#1563,#1564,.T.);
#1313=EDGE_CURVE('',#1563,#1565,#1566,.T.);
#1314=EDGE_CURVE('',#1565,#1567,#1568,.T.);
#1315=EDGE_CURVE('',#1567,#1569,#1570,.T.);
#1316=EDGE_CURVE('',#1571,#1569,#1572,.T.);
#1317=EDGE_CURVE('',#1555,#1571,#1573,.T.);
#1318=EDGE_CURVE('',#1388,#1390,#1574,.T.);
#1319=EDGE_CURVE('',#1396,#1398,#1575,.T.);
#1320=EDGE_CURVE('',#1393,#1394,#1576,.T.);
#1321=EDGE_CURVE('',#1394,#1577,#1578,.T.);
#1322=EDGE_CURVE('',#1579,#1577,#1580,.T.);
#1323=EDGE_CURVE('',#1393,#1579,#1581,.T.);
#1324=EDGE_CURVE('',#1579,#1577,#1582,.T.);
#1325=EDGE_CURVE('',#1385,#1386,#1583,.T.);
#1326=EDGE_CURVE('',#1386,#1584,#1585,.T.);
#1327=EDGE_CURVE('',#1586,#1584,#1587,.T.);
#1328=EDGE_CURVE('',#1385,#1586,#1588,.T.);
#1329=EDGE_CURVE('',#1586,#1584,#1589,.T.);
#1330=EDGE_CURVE('',#1571,#1590,#1591,.T.);
#1331=EDGE_CURVE('',#1592,#1590,#1593,.T.);
#1332=EDGE_CURVE('',#1555,#1592,#1594,.T.);
#1333=EDGE_CURVE('',#1592,#1595,#1596,.T.);
#1334=EDGE_CURVE('',#1595,#1556,#1597,.T.);
#1335=EDGE_CURVE('',#1598,#1567,#1599,.T.);
#1336=EDGE_CURVE('',#1598,#1600,#1601,.T.);
#1337=EDGE_CURVE('',#1569,#1600,#1602,.T.);
#1338=EDGE_CURVE('',#1483,#1595,#1603,.T.);
#1339=EDGE_CURVE('',#1595,#1485,#1604,.T.);
#1340=EDGE_CURVE('',#1598,#1470,#1605,.T.);
#1341=EDGE_CURVE('',#1592,#1600,#1606,.T.);
#1342=EDGE_CURVE('',#1590,#1600,#1607,.T.);
#1343=EDGE_CURVE('',#1469,#1598,#1608,.T.);
#1344=EDGE_CURVE('',#1472,#1565,#1609,.T.);
#1345=EDGE_CURVE('',#1561,#1453,#1610,.T.);
#1346=EDGE_CURVE('',#1611,#1559,#1612,.T.);
#1347=EDGE_CURVE('',#1462,#1611,#1613,.T.);
#1348=EDGE_CURVE('',#1614,#1615,#1616,.T.);
#1349=EDGE_CURVE('',#1615,#1617,#1618,.T.);
#1350=EDGE_CURVE('',#1617,#1474,#1619,.T.);
#1351=EDGE_CURVE('',#1563,#1614,#1620,.T.);
#1352=EDGE_CURVE('',#1546,#1611,#1621,.T.);
#1353=EDGE_CURVE('',#1561,#1508,#1622,.T.);
#1354=EDGE_CURVE('',#1528,#1563,#1623,.T.);
#1355=EDGE_CURVE('',#1410,#1530,#1624,.T.);
#1356=EDGE_CURVE('',#1448,#1614,#1625,.T.);
#1357=EDGE_CURVE('',#1446,#1615,#1626,.T.);
#1358=EDGE_CURVE('',#1444,#1617,#1627,.T.);
#1359=EDGE_CURVE('',#1380,#1382,#1628,.T.);
#1360=EDGE_CURVE('',#1629,#1630,#1631,.T.);
#1361=EDGE_CURVE('',#1630,#1382,#1632,.T.);
#1362=EDGE_CURVE('',#1629,#1380,#1633,.T.);
#1363=EDGE_CURVE('',#1629,#1630,#1634,.T.);
#1364=EDGE_CURVE('',#1372,#1374,#1635,.T.);
#1365=EDGE_CURVE('',#1636,#1637,#1638,.T.);
#1366=EDGE_CURVE('',#1637,#1374,#1639,.T.);
#1367=EDGE_CURVE('',#1636,#1372,#1640,.T.);
#1368=EDGE_CURVE('',#1636,#1637,#1641,.T.);
#1369=VERTEX_POINT('',#1642);
#1370=VERTEX_POINT('',#1643);
#1371=CIRCLE('',#1644,0.35);
#1372=VERTEX_POINT('',#1645);
#1373=LINE('',#1646,#1647);
#1374=VERTEX_POINT('',#1648);
#1375=CIRCLE('',#1649,0.35);
#1376=LINE('',#1650,#1651);
#1377=VERTEX_POINT('',#1652);
#1378=VERTEX_POINT('',#1653);
#1379=CIRCLE('',#1654,0.35);
#1380=VERTEX_POINT('',#1655);
#1381=LINE('',#1656,#1657);
#1382=VERTEX_POINT('',#1658);
#1383=CIRCLE('',#1659,0.35);
#1384=LINE('',#1660,#1661);
#1385=VERTEX_POINT('',#1662);
#1386=VERTEX_POINT('',#1663);
#1387=CIRCLE('',#1664,0.35);
#1388=VERTEX_POINT('',#1665);
#1389=LINE('',#1666,#1667);
#1390=VERTEX_POINT('',#1668);
#1391=CIRCLE('',#1669,0.35);
#1392=LINE('',#1670,#1671);
#1393=VERTEX_POINT('',#1672);
#1394=VERTEX_POINT('',#1673);
#1395=CIRCLE('',#1674,0.35);
#1396=VERTEX_POINT('',#1675);
#1397=LINE('',#1676,#1677);
#1398=VERTEX_POINT('',#1678);
#1399=CIRCLE('',#1679,0.35);
#1400=LINE('',#1680,#1681);
#1401=VERTEX_POINT('',#1682);
#1402=VERTEX_POINT('',#1683);
#1403=LINE('',#1684,#1685);
#1404=VERTEX_POINT('',#1686);
#1405=LINE('',#1687,#1688);
#1406=VERTEX_POINT('',#1689);
#1407=LINE('',#1690,#1691);
#1408=LINE('',#1692,#1693);
#1409=VERTEX_POINT('',#1694);
#1410=VERTEX_POINT('',#1695);
#1411=LINE('',#1696,#1697);
#1412=VERTEX_POINT('',#1698);
#1413=LINE('',#1699,#1700);
#1414=VERTEX_POINT('',#1701);
#1415=LINE('',#1702,#1703);
#1416=LINE('',#1704,#1705);
#1417=VERTEX_POINT('',#1706);
#1418=LINE('',#1707,#1708);
#1419=VERTEX_POINT('',#1709);
#1420=LINE('',#1710,#1711);
#1421=LINE('',#1712,#1713);
#1422=VERTEX_POINT('',#1714);
#1423=LINE('',#1715,#1716);
#1424=VERTEX_POINT('',#1717);
#1425=LINE('',#1718,#1719);
#1426=VERTEX_POINT('',#1720);
#1427=LINE('',#1721,#1722);
#1428=LINE('',#1723,#1724);
#1429=VERTEX_POINT('',#1725);
#1430=LINE('',#1726,#1727);
#1431=LINE('',#1728,#1729);
#1432=VERTEX_POINT('',#1730);
#1433=VERTEX_POINT('',#1731);
#1434=LINE('',#1732,#1733);
#1435=VERTEX_POINT('',#1734);
#1436=LINE('',#1735,#1736);
#1437=VERTEX_POINT('',#1737);
#1438=LINE('',#1738,#1739);
#1439=VERTEX_POINT('',#1740);
#1440=LINE('',#1741,#1742);
#1441=LINE('',#1743,#1744);
#1442=VERTEX_POINT('',#1745);
#1443=LINE('',#1746,#1747);
#1444=VERTEX_POINT('',#1748);
#1445=LINE('',#1749,#1750);
#1446=VERTEX_POINT('',#1751);
#1447=LINE('',#1752,#1753);
#1448=VERTEX_POINT('',#1754);
#1449=LINE('',#1755,#1756);
#1450=VERTEX_POINT('',#1757);
#1451=LINE('',#1758,#1759);
#1452=LINE('',#1760,#1761);
#1453=VERTEX_POINT('',#1762);
#1454=LINE('',#1763,#1764);
#1455=VERTEX_POINT('',#1765);
#1456=LINE('',#1766,#1767);
#1457=LINE('',#1768,#1769);
#1458=VERTEX_POINT('',#1770);
#1459=VERTEX_POINT('',#1771);
#1460=LINE('',#1772,#1773);
#1461=LINE('',#1774,#1775);
#1462=VERTEX_POINT('',#1776);
#1463=LINE('',#1777,#1778);
#1464=VERTEX_POINT('',#1779);
#1465=LINE('',#1780,#1781);
#1466=VERTEX_POINT('',#1782);
#1467=LINE('',#1783,#1784);
#1468=LINE('',#1785,#1786);
#1469=VERTEX_POINT('',#1787);
#1470=VERTEX_POINT('',#1788);
#1471=LINE('',#1789,#1790);
#1472=VERTEX_POINT('',#1791);
#1473=LINE('',#1792,#1793);
#1474=VERTEX_POINT('',#1794);
#1475=LINE('',#1795,#1796);
#1476=LINE('',#1797,#1798);
#1477=VERTEX_POINT('',#1799);
#1478=LINE('',#1800,#1801);
#1479=VERTEX_POINT('',#1802);
#1480=LINE('',#1803,#1804);
#1481=VERTEX_POINT('',#1805);
#1482=LINE('',#1806,#1807);
#1483=VERTEX_POINT('',#1808);
#1484=LINE('',#1809,#1810);
#1485=VERTEX_POINT('',#1811);
#1486=LINE('',#1812,#1813);
#1487=LINE('',#1814,#1815);
#1488=VERTEX_POINT('',#1816);
#1489=LINE('',#1817,#1818);
#1490=VERTEX_POINT('',#1819);
#1491=LINE('',#1820,#1821);
#1492=LINE('',#1822,#1823);
#1493=VERTEX_POINT('',#1824);
#1494=LINE('',#1825,#1826);
#1495=VERTEX_POINT('',#1827);
#1496=LINE('',#1828,#1829);
#1497=LINE('',#1830,#1831);
#1498=VERTEX_POINT('',#1832);
#1499=VERTEX_POINT('',#1833);
#1500=LINE('',#1834,#1835);
#1501=VERTEX_POINT('',#1836);
#1502=LINE('',#1837,#1838);
#1503=VERTEX_POINT('',#1839);
#1504=LINE('',#1840,#1841);
#1505=LINE('',#1842,#1843);
#1506=LINE('',#1844,#1845);
#1507=LINE('',#1846,#1847);
#1508=VERTEX_POINT('',#1848);
#1509=VERTEX_POINT('',#1849);
#1510=LINE('',#1850,#1851);
#1511=LINE('',#1852,#1853);
#1512=VERTEX_POINT('',#1854);
#1513=LINE('',#1855,#1856);
#1514=VERTEX_POINT('',#1857);
#1515=LINE('',#1858,#1859);
#1516=LINE('',#1860,#1861);
#1517=LINE('',#1862,#1863);
#1518=LINE('',#1864,#1865);
#1519=VERTEX_POINT('',#1866);
#1520=LINE('',#1867,#1868);
#1521=VERTEX_POINT('',#1869);
#1522=LINE('',#1870,#1871);
#1523=VERTEX_POINT('',#1872);
#1524=LINE('',#1873,#1874);
#1525=VERTEX_POINT('',#1875);
#1526=LINE('',#1876,#1877);
#1527=LINE('',#1878,#1879);
#1528=VERTEX_POINT('',#1880);
#1529=LINE('',#1881,#1882);
#1530=VERTEX_POINT('',#1883);
#1531=LINE('',#1884,#1885);
#1532=LINE('',#1886,#1887);
#1533=LINE('',#1888,#1889);
#1534=CIRCLE('',#1890,0.35);
#1535=CIRCLE('',#1891,0.35);
#1536=VERTEX_POINT('',#1892);
#1537=LINE('',#1893,#1894);
#1538=LINE('',#1895,#1896);
#1539=VERTEX_POINT('',#1897);
#1540=LINE('',#1898,#1899);
#1541=LINE('',#1900,#1901);
#1542=VERTEX_POINT('',#1902);
#1543=LINE('',#1903,#1904);
#1544=LINE('',#1905,#1906);
#1545=LINE('',#1907,#1908);
#1546=VERTEX_POINT('',#1909);
#1547=LINE('',#1910,#1911);
#1548=VERTEX_POINT('',#1912);
#1549=LINE('',#1913,#1914);
#1550=LINE('',#1915,#1916);
#1551=LINE('',#1917,#1918);
#1552=VERTEX_POINT('',#1919);
#1553=LINE('',#1920,#1921);
#1554=LINE('',#1922,#1923);
#1555=VERTEX_POINT('',#1924);
#1556=VERTEX_POINT('',#1925);
#1557=LINE('',#1926,#1927);
#1558=LINE('',#1928,#1929);
#1559=VERTEX_POINT('',#1930);
#1560=LINE('',#1931,#1932);
#1561=VERTEX_POINT('',#1933);
#1562=LINE('',#1934,#1935);
#1563=VERTEX_POINT('',#1936);
#1564=LINE('',#1937,#1938);
#1565=VERTEX_POINT('',#1939);
#1566=LINE('',#1940,#1941);
#1567=VERTEX_POINT('',#1942);
#1568=LINE('',#1943,#1944);
#1569=VERTEX_POINT('',#1945);
#1570=LINE('',#1946,#1947);
#1571=VERTEX_POINT('',#1948);
#1572=LINE('',#1949,#1950);
#1573=LINE('',#1951,#1952);
#1574=CIRCLE('',#1953,0.35);
#1575=CIRCLE('',#1954,0.35);
#1576=CIRCLE('',#1955,0.35);
#1577=VERTEX_POINT('',#1956);
#1578=CIRCLE('',#1957,0.2);
#1579=VERTEX_POINT('',#1958);
#1580=CIRCLE('',#1959,0.15);
#1581=CIRCLE('',#1960,0.2);
#1582=CIRCLE('',#1961,0.15);
#1583=CIRCLE('',#1962,0.35);
#1584=VERTEX_POINT('',#1963);
#1585=CIRCLE('',#1964,0.2);
#1586=VERTEX_POINT('',#1965);
#1587=CIRCLE('',#1966,0.15);
#1588=CIRCLE('',#1967,0.2);
#1589=CIRCLE('',#1968,0.15);
#1590=VERTEX_POINT('',#1969);
#1591=LINE('',#1970,#1971);
#1592=VERTEX_POINT('',#1972);
#1593=LINE('',#1973,#1974);
#1594=LINE('',#1975,#1976);
#1595=VERTEX_POINT('',#1977);
#1596=LINE('',#1978,#1979);
#1597=LINE('',#1980,#1981);
#1598=VERTEX_POINT('',#1982);
#1599=LINE('',#1983,#1984);
#1600=VERTEX_POINT('',#1985);
#1601=LINE('',#1986,#1987);
#1602=LINE('',#1988,#1989);
#1603=LINE('',#1990,#1991);
#1604=LINE('',#1992,#1993);
#1605=LINE('',#1994,#1995);
#1606=LINE('',#1996,#1997);
#1607=LINE('',#1998,#1999);
#1608=LINE('',#2000,#2001);
#1609=LINE('',#2002,#2003);
#1610=LINE('',#2004,#2005);
#1611=VERTEX_POINT('',#2006);
#1612=LINE('',#2007,#2008);
#1613=LINE('',#2009,#2010);
#1614=VERTEX_POINT('',#2011);
#1615=VERTEX_POINT('',#2012);
#1616=LINE('',#2013,#2014);
#1617=VERTEX_POINT('',#2015);
#1618=LINE('',#2016,#2017);
#1619=LINE('',#2018,#2019);
#1620=LINE('',#2020,#2021);
#1621=LINE('',#2022,#2023);
#1622=LINE('',#2024,#2025);
#1623=LINE('',#2026,#2027);
#1624=LINE('',#2028,#2029);
#1625=LINE('',#2030,#2031);
#1626=LINE('',#2032,#2033);
#1627=LINE('',#2034,#2035);
#1628=CIRCLE('',#2036,0.35);
#1629=VERTEX_POINT('',#2037);
#1630=VERTEX_POINT('',#2038);
#1631=CIRCLE('',#2039,0.15);
#1632=CIRCLE('',#2040,0.2);
#1633=CIRCLE('',#2041,0.2);
#1634=CIRCLE('',#2042,0.15);
#1635=CIRCLE('',#2043,0.35);
#1636=VERTEX_POINT('',#2044);
#1637=VERTEX_POINT('',#2045);
#1638=CIRCLE('',#2046,0.15);
#1639=CIRCLE('',#2047,0.2);
#1640=CIRCLE('',#2048,0.2);
#1641=CIRCLE('',#2049,0.15);
#1642=CARTESIAN_POINT('',(-1.25,-2.85,-0.28));
#1643=CARTESIAN_POINT('',(-1.25,-2.85,-0.98));
#1644=AXIS2_PLACEMENT_3D('',#2050,#2051,#2052);
#1645=CARTESIAN_POINT('',(-1.25,-6.25,-0.98));
#1646=CARTESIAN_POINT('',(-1.25,2.895,-0.98));
#1647=VECTOR('',#2053,1000.0);
#1648=CARTESIAN_POINT('',(-1.25,-6.25,-0.28));
#1649=AXIS2_PLACEMENT_3D('',#2054,#2055,#2056);
#1650=CARTESIAN_POINT('',(-1.25,2.895,-0.28));
#1651=VECTOR('',#2057,1000.0);
#1652=CARTESIAN_POINT('',(1.25,-2.85,-0.28));
#1653=CARTESIAN_POINT('',(1.25,-2.85,-0.98));
#1654=AXIS2_PLACEMENT_3D('',#2058,#2059,#2060);
#1655=CARTESIAN_POINT('',(1.25,-6.25,-0.98));
#1656=CARTESIAN_POINT('',(1.25,2.895,-0.98));
#1657=VECTOR('',#2061,1000.0);
#1658=CARTESIAN_POINT('',(1.25,-6.25,-0.28));
#1659=AXIS2_PLACEMENT_3D('',#2062,#2063,#2064);
#1660=CARTESIAN_POINT('',(1.25,2.895,-0.28));
#1661=VECTOR('',#2065,1000.0);
#1662=CARTESIAN_POINT('',(-1.25,2.25,-0.98));
#1663=CARTESIAN_POINT('',(-1.25,2.25,-0.28));
#1664=AXIS2_PLACEMENT_3D('',#2066,#2067,#2068);
#1665=CARTESIAN_POINT('',(-1.25,-1.05,-0.98));
#1666=CARTESIAN_POINT('',(-1.25,2.895,-0.98));
#1667=VECTOR('',#2069,1000.0);
#1668=CARTESIAN_POINT('',(-1.25,-1.05,-0.28));
#1669=AXIS2_PLACEMENT_3D('',#2070,#2071,#2072);
#1670=CARTESIAN_POINT('',(-1.25,2.895,-0.28));
#1671=VECTOR('',#2073,1000.0);
#1672=CARTESIAN_POINT('',(1.25,2.25,-0.98));
#1673=CARTESIAN_POINT('',(1.25,2.25,-0.28));
#1674=AXIS2_PLACEMENT_3D('',#2074,#2075,#2076);
#1675=CARTESIAN_POINT('',(1.25,-1.05,-0.98));
#1676=CARTESIAN_POINT('',(1.25,2.895,-0.98));
#1677=VECTOR('',#2077,1000.0);
#1678=CARTESIAN_POINT('',(1.25,-1.05,-0.28));
#1679=AXIS2_PLACEMENT_3D('',#2078,#2079,#2080);
#1680=CARTESIAN_POINT('',(1.25,2.895,-0.28));
#1681=VECTOR('',#2081,1000.0);
#1682=CARTESIAN_POINT('',(-2.46,-2.95,-2.43));
#1683=CARTESIAN_POINT('',(-3.31,-2.95,-1.58));
#1684=CARTESIAN_POINT('',(-2.46,-2.95,-2.43));
#1685=VECTOR('',#2082,1000.0);
#1686=CARTESIAN_POINT('',(3.7,-2.95,-2.43));
#1687=CARTESIAN_POINT('',(3.7,-2.95,-2.43));
#1688=VECTOR('',#2083,1000.0);
#1689=CARTESIAN_POINT('',(3.7,-2.95,-1.58));
#1690=CARTESIAN_POINT('',(3.7,-2.95,-1.58));
#1691=VECTOR('',#2084,1000.0);
#1692=CARTESIAN_POINT('',(-3.31,-2.95,-1.58));
#1693=VECTOR('',#2085,1000.0);
#1694=CARTESIAN_POINT('',(3.0,-2.95,1.47));
#1695=CARTESIAN_POINT('',(3.0,-2.95,0.62));
#1696=CARTESIAN_POINT('',(3.0,-2.95,1.47));
#1697=VECTOR('',#2086,1000.0);
#1698=CARTESIAN_POINT('',(-3.0,-2.95,1.47));
#1699=CARTESIAN_POINT('',(-3.0,-2.95,1.47));
#1700=VECTOR('',#2087,1000.0);
#1701=CARTESIAN_POINT('',(-3.0,-2.95,0.62));
#1702=CARTESIAN_POINT('',(-3.0,-2.95,1.47));
#1703=VECTOR('',#2088,1000.0);
#1704=CARTESIAN_POINT('',(-3.0,-2.95,0.62));
#1705=VECTOR('',#2089,1000.0);
#1706=CARTESIAN_POINT('',(3.7,-2.85,-1.58));
#1707=CARTESIAN_POINT('',(3.7,-2.95,-1.58));
#1708=VECTOR('',#2090,1000.0);
#1709=CARTESIAN_POINT('',(-3.31,-2.85,-1.58));
#1710=CARTESIAN_POINT('',(3.7,-2.85,-1.58));
#1711=VECTOR('',#2091,1000.0);
#1712=CARTESIAN_POINT('',(-3.31,-2.95,-1.58));
#1713=VECTOR('',#2092,1000.0);
#1714=CARTESIAN_POINT('',(-3.7,-2.85,-1.19));
#1715=CARTESIAN_POINT('',(-3.7,-2.85,-1.19));
#1716=VECTOR('',#2093,1000.0);
#1717=CARTESIAN_POINT('',(-3.7,2.95,-1.19));
#1718=CARTESIAN_POINT('',(-3.7,-2.85,-1.19));
#1719=VECTOR('',#2094,1000.0);
#1720=CARTESIAN_POINT('',(-2.46,2.95,-2.43));
#1721=CARTESIAN_POINT('',(-2.46,2.95,-2.43));
#1722=VECTOR('',#2095,1000.0);
#1723=CARTESIAN_POINT('',(-2.46,-2.95,-2.43));
#1724=VECTOR('',#2096,1000.0);
#1725=CARTESIAN_POINT('',(3.7,2.95,-2.43));
#1726=CARTESIAN_POINT('',(3.7,2.95,-2.43));
#1727=VECTOR('',#2097,1000.0);
#1728=CARTESIAN_POINT('',(3.7,-2.95,-2.43));
#1729=VECTOR('',#2098,1000.0);
#1730=CARTESIAN_POINT('',(3.7,2.95,2.47));
#1731=CARTESIAN_POINT('',(3.7,2.95,1.75));
#1732=CARTESIAN_POINT('',(3.7,2.95,2.47));
#1733=VECTOR('',#2099,1000.0);
#1734=CARTESIAN_POINT('',(3.7,-1.95,2.47));
#1735=CARTESIAN_POINT('',(3.7,-1.95,2.47));
#1736=VECTOR('',#2100,1000.0);
#1737=CARTESIAN_POINT('',(3.7,-1.95,1.25));
#1738=CARTESIAN_POINT('',(3.7,-1.95,2.47));
#1739=VECTOR('',#2101,1000.0);
#1740=CARTESIAN_POINT('',(3.7,2.45,1.25));
#1741=CARTESIAN_POINT('',(3.7,2.45,1.25));
#1742=VECTOR('',#2102,1000.0);
#1743=CARTESIAN_POINT('',(3.7,2.95,1.75));
#1744=VECTOR('',#2103,1000.0);
#1745=CARTESIAN_POINT('',(3.7,2.95,-0.04999999999999));
#1746=CARTESIAN_POINT('',(3.7,2.95,-0.04999999999999));
#1747=VECTOR('',#2104,1000.0);
#1748=CARTESIAN_POINT('',(3.7,2.45,0.45));
#1749=CARTESIAN_POINT('',(3.7,2.45,0.45));
#1750=VECTOR('',#2105,1000.0);
#1751=CARTESIAN_POINT('',(3.7,1.95,0.45));
#1752=CARTESIAN_POINT('',(3.7,1.95,0.45));
#1753=VECTOR('',#2106,1000.0);
#1754=CARTESIAN_POINT('',(3.7,1.95,-0.25));
#1755=CARTESIAN_POINT('',(3.7,1.95,-0.25));
#1756=VECTOR('',#2107,1000.0);
#1757=CARTESIAN_POINT('',(3.7,-2.85,-0.25));
#1758=CARTESIAN_POINT('',(3.7,-2.85,-0.25));
#1759=VECTOR('',#2108,1000.0);
#1760=CARTESIAN_POINT('',(3.7,-2.85,-1.58));
#1761=VECTOR('',#2109,1000.0);
#1762=CARTESIAN_POINT('',(3.0,2.45,1.25));
#1763=CARTESIAN_POINT('',(3.7,2.45,1.25));
#1764=VECTOR('',#2110,1000.0);
#1765=CARTESIAN_POINT('',(3.0,2.95,1.75));
#1766=CARTESIAN_POINT('',(3.0,2.95,1.75));
#1767=VECTOR('',#2111,1000.0);
#1768=CARTESIAN_POINT('',(3.7,2.95,1.75));
#1769=VECTOR('',#2112,1000.0);
#1770=CARTESIAN_POINT('',(-3.7,2.95,1.75));
#1771=CARTESIAN_POINT('',(-3.7,2.95,2.47));
#1772=CARTESIAN_POINT('',(-3.7,2.95,1.75));
#1773=VECTOR('',#2113,1000.0);
#1774=CARTESIAN_POINT('',(-3.7,2.95,2.47));
#1775=VECTOR('',#2114,1000.0);
#1776=CARTESIAN_POINT('',(3.0,2.95,2.0));
#1777=CARTESIAN_POINT('',(3.0,2.95,1.75));
#1778=VECTOR('',#2115,1000.0);
#1779=CARTESIAN_POINT('',(-3.0,2.95,2.0));
#1780=CARTESIAN_POINT('',(-3.0,2.95,2.0));
#1781=VECTOR('',#2116,1000.0);
#1782=CARTESIAN_POINT('',(-3.0,2.95,1.75));
#1783=CARTESIAN_POINT('',(-3.0,2.95,1.75));
#1784=VECTOR('',#2117,1000.0);
#1785=CARTESIAN_POINT('',(-3.7,2.95,1.75));
#1786=VECTOR('',#2118,1000.0);
#1787=CARTESIAN_POINT('',(2.07933982822,2.95,-1.75));
#1788=CARTESIAN_POINT('',(2.07933982822,2.95,-2.0));
#1789=CARTESIAN_POINT('',(2.07933982822,2.95,-1.75));
#1790=VECTOR('',#2119,1000.0);
#1791=CARTESIAN_POINT('',(3.0,2.95,-0.8293398282202));
#1792=CARTESIAN_POINT('',(3.0,2.95,-0.8293398282202));
#1793=VECTOR('',#2120,1000.0);
#1794=CARTESIAN_POINT('',(3.0,2.95,-0.04999999999999));
#1795=CARTESIAN_POINT('',(3.0,2.95,-0.04999999999999));
#1796=VECTOR('',#2121,1000.0);
#1797=CARTESIAN_POINT('',(3.7,2.95,-0.04999999999999));
#1798=VECTOR('',#2122,1000.0);
#1799=CARTESIAN_POINT('',(-3.7,2.95,-0.04999999999999));
#1800=CARTESIAN_POINT('',(-3.7,2.95,-1.19));
#1801=VECTOR('',#2123,1000.0);
#1802=CARTESIAN_POINT('',(-3.0,2.95,-0.04999999999999));
#1803=CARTESIAN_POINT('',(-3.7,2.95,-0.04999999999999));
#1804=VECTOR('',#2124,1000.0);
#1805=CARTESIAN_POINT('',(-3.0,2.95,-0.8293398282202));
#1806=CARTESIAN_POINT('',(-3.0,2.95,-0.8293398282202));
#1807=VECTOR('',#2125,1000.0);
#1808=CARTESIAN_POINT('',(-2.07933982822,2.95,-1.75));
#1809=CARTESIAN_POINT('',(-2.07933982822,2.95,-1.75));
#1810=VECTOR('',#2126,1000.0);
#1811=CARTESIAN_POINT('',(-2.07933982822,2.95,-2.0));
#1812=CARTESIAN_POINT('',(-2.07933982822,2.95,-1.75));
#1813=VECTOR('',#2127,1000.0);
#1814=CARTESIAN_POINT('',(-2.07933982822,2.95,-2.0));
#1815=VECTOR('',#2128,1000.0);
#1816=CARTESIAN_POINT('',(-3.0,2.45,1.25));
#1817=CARTESIAN_POINT('',(-3.0,2.95,1.75));
#1818=VECTOR('',#2129,1000.0);
#1819=CARTESIAN_POINT('',(-3.7,2.45,1.25));
#1820=CARTESIAN_POINT('',(-3.7,2.45,1.25));
#1821=VECTOR('',#2130,1000.0);
#1822=CARTESIAN_POINT('',(-3.7,2.95,1.75));
#1823=VECTOR('',#2131,1000.0);
#1824=CARTESIAN_POINT('',(-3.7,-1.95,1.25));
#1825=CARTESIAN_POINT('',(-3.7,2.45,1.25));
#1826=VECTOR('',#2132,1000.0);
#1827=CARTESIAN_POINT('',(-3.7,-1.95,2.47));
#1828=CARTESIAN_POINT('',(-3.7,-1.95,2.47));
#1829=VECTOR('',#2133,1000.0);
#1830=CARTESIAN_POINT('',(-3.7,-1.95,2.47));
#1831=VECTOR('',#2134,1000.0);
#1832=CARTESIAN_POINT('',(-3.7,-2.85,-0.25));
#1833=CARTESIAN_POINT('',(-3.7,1.95,-0.25));
#1834=CARTESIAN_POINT('',(-3.7,-2.85,-0.25));
#1835=VECTOR('',#2135,1000.0);
#1836=CARTESIAN_POINT('',(-3.7,1.95,0.45));
#1837=CARTESIAN_POINT('',(-3.7,1.95,-0.25));
#1838=VECTOR('',#2136,1000.0);
#1839=CARTESIAN_POINT('',(-3.7,2.45,0.45));
#1840=CARTESIAN_POINT('',(-3.7,1.95,0.45));
#1841=VECTOR('',#2137,1000.0);
#1842=CARTESIAN_POINT('',(-3.7,2.45,0.45));
#1843=VECTOR('',#2138,1000.0);
#1844=CARTESIAN_POINT('',(-3.7,-2.85,-1.19));
#1845=VECTOR('',#2139,1000.0);
#1846=CARTESIAN_POINT('',(-3.7,-1.95,2.47));
#1847=VECTOR('',#2140,1000.0);
#1848=CARTESIAN_POINT('',(3.0,-1.95,1.25));
#1849=CARTESIAN_POINT('',(3.0,-1.95,1.47));
#1850=CARTESIAN_POINT('',(3.0,-1.95,1.25));
#1851=VECTOR('',#2141,1000.0);
#1852=CARTESIAN_POINT('',(3.7,-1.95,1.25));
#1853=VECTOR('',#2142,1000.0);
#1854=CARTESIAN_POINT('',(-3.0,-1.95,1.25));
#1855=CARTESIAN_POINT('',(-3.7,-1.95,1.25));
#1856=VECTOR('',#2143,1000.0);
#1857=CARTESIAN_POINT('',(-3.0,-1.95,1.47));
#1858=CARTESIAN_POINT('',(-3.0,-1.95,1.25));
#1859=VECTOR('',#2144,1000.0);
#1860=CARTESIAN_POINT('',(3.0,-1.95,1.47));
#1861=VECTOR('',#2145,1000.0);
#1862=CARTESIAN_POINT('',(3.0,-2.95,1.47));
#1863=VECTOR('',#2146,1000.0);
#1864=CARTESIAN_POINT('',(-3.0,-2.95,1.47));
#1865=VECTOR('',#2147,1000.0);
#1866=CARTESIAN_POINT('',(-3.0,-2.85,0.62));
#1867=CARTESIAN_POINT('',(-3.0,-2.95,0.62));
#1868=VECTOR('',#2148,1000.0);
#1869=CARTESIAN_POINT('',(-3.0,-1.05,1.25));
#1870=CARTESIAN_POINT('',(-3.0,-1.05,1.25));
#1871=VECTOR('',#2149,1000.0);
#1872=CARTESIAN_POINT('',(-3.0,-1.05,-0.25));
#1873=CARTESIAN_POINT('',(-3.0,-1.05,1.25));
#1874=VECTOR('',#2150,1000.0);
#1875=CARTESIAN_POINT('',(-3.0,-2.85,-0.25));
#1876=CARTESIAN_POINT('',(-3.0,-2.85,-0.25));
#1877=VECTOR('',#2151,1000.0);
#1878=CARTESIAN_POINT('',(-3.0,-2.85,-0.25));
#1879=VECTOR('',#2152,1000.0);
#1880=CARTESIAN_POINT('',(3.0,-2.85,-0.25));
#1881=CARTESIAN_POINT('',(3.0,-2.85,-0.25));
#1882=VECTOR('',#2153,1000.0);
#1883=CARTESIAN_POINT('',(3.0,-2.85,0.62));
#1884=CARTESIAN_POINT('',(3.0,-2.85,-0.25));
#1885=VECTOR('',#2154,1000.0);
#1886=CARTESIAN_POINT('',(3.0,-2.85,0.62));
#1887=VECTOR('',#2155,1000.0);
#1888=CARTESIAN_POINT('',(-3.0,-2.85,-0.25));
#1889=VECTOR('',#2156,1000.0);
#1890=AXIS2_PLACEMENT_3D('',#2157,#2158,#2159);
#1891=AXIS2_PLACEMENT_3D('',#2160,#2161,#2162);
#1892=CARTESIAN_POINT('',(-3.0,1.95,-0.25));
#1893=CARTESIAN_POINT('',(-3.0,-1.05,-0.25));
#1894=VECTOR('',#2163,1000.0);
#1895=CARTESIAN_POINT('',(-3.7,1.95,-0.25));
#1896=VECTOR('',#2164,1000.0);
#1897=CARTESIAN_POINT('',(-3.0,1.95,0.45));
#1898=CARTESIAN_POINT('',(-3.0,1.95,-0.25));
#1899=VECTOR('',#2165,1000.0);
#1900=CARTESIAN_POINT('',(-3.7,1.95,0.45));
#1901=VECTOR('',#2166,1000.0);
#1902=CARTESIAN_POINT('',(-3.0,2.45,0.45));
#1903=CARTESIAN_POINT('',(-3.0,1.95,0.45));
#1904=VECTOR('',#2167,1000.0);
#1905=CARTESIAN_POINT('',(-3.7,2.45,0.45));
#1906=VECTOR('',#2168,1000.0);
#1907=CARTESIAN_POINT('',(-3.0,2.45,0.45));
#1908=VECTOR('',#2169,1000.0);
#1909=CARTESIAN_POINT('',(-3.0,2.7,1.75));
#1910=CARTESIAN_POINT('',(-3.0,2.95,2.0));
#1911=VECTOR('',#2170,1000.0);
#1912=CARTESIAN_POINT('',(-3.0,-1.05,1.75));
#1913=CARTESIAN_POINT('',(-3.0,2.7,1.75));
#1914=VECTOR('',#2171,1000.0);
#1915=CARTESIAN_POINT('',(-3.0,-1.05,1.25));
#1916=VECTOR('',#2172,1000.0);
#1917=CARTESIAN_POINT('',(-3.0,-1.05,1.25));
#1918=VECTOR('',#2173,1000.0);
#1919=CARTESIAN_POINT('',(-3.0,-1.05,-0.8293398282202));
#1920=CARTESIAN_POINT('',(-3.0,-1.05,-0.8293398282202));
#1921=VECTOR('',#2174,1000.0);
#1922=CARTESIAN_POINT('',(-3.0,2.95,-0.8293398282202));
#1923=VECTOR('',#2175,1000.0);
#1924=CARTESIAN_POINT('',(-0.425,-1.05,-1.75));
#1925=CARTESIAN_POINT('',(-2.07933982822,-1.05,-1.75));
#1926=CARTESIAN_POINT('',(-0.425,-1.05,-1.75));
#1927=VECTOR('',#2176,1000.0);
#1928=CARTESIAN_POINT('',(-2.07933982822,-1.05,-1.75));
#1929=VECTOR('',#2177,1000.0);
#1930=CARTESIAN_POINT('',(3.0,-1.05,1.75));
#1931=CARTESIAN_POINT('',(-3.0,-1.05,1.75));
#1932=VECTOR('',#2178,1000.0);
#1933=CARTESIAN_POINT('',(3.0,-1.05,1.25));
#1934=CARTESIAN_POINT('',(3.0,-1.05,1.75));
#1935=VECTOR('',#2179,1000.0);
#1936=CARTESIAN_POINT('',(3.0,-1.05,-0.25));
#1937=CARTESIAN_POINT('',(3.0,-1.05,1.25));
#1938=VECTOR('',#2180,1000.0);
#1939=CARTESIAN_POINT('',(3.0,-1.05,-0.8293398282202));
#1940=CARTESIAN_POINT('',(3.0,-1.05,-0.25));
#1941=VECTOR('',#2181,1000.0);
#1942=CARTESIAN_POINT('',(2.07933982822,-1.05,-1.75));
#1943=CARTESIAN_POINT('',(3.0,-1.05,-0.8293398282202));
#1944=VECTOR('',#2182,1000.0);
#1945=CARTESIAN_POINT('',(0.425,-1.05,-1.75));
#1946=CARTESIAN_POINT('',(2.07933982822,-1.05,-1.75));
#1947=VECTOR('',#2183,1000.0);
#1948=CARTESIAN_POINT('',(0.0,-1.05,-1.3));
#1949=CARTESIAN_POINT('',(0.0,-1.05,-1.3));
#1950=VECTOR('',#2184,1000.0);
#1951=CARTESIAN_POINT('',(-0.425,-1.05,-1.75));
#1952=VECTOR('',#2185,1000.0);
#1953=AXIS2_PLACEMENT_3D('',#2186,#2187,#2188);
#1954=AXIS2_PLACEMENT_3D('',#2189,#2190,#2191);
#1955=AXIS2_PLACEMENT_3D('',#2192,#2193,#2194);
#1956=CARTESIAN_POINT('',(1.25,2.45,-0.48));
#1957=AXIS2_PLACEMENT_3D('',#2195,#2196,#2197);
#1958=CARTESIAN_POINT('',(1.25,2.45,-0.78));
#1959=AXIS2_PLACEMENT_3D('',#2198,#2199,#2200);
#1960=AXIS2_PLACEMENT_3D('',#2201,#2202,#2203);
#1961=AXIS2_PLACEMENT_3D('',#2204,#2205,#2206);
#1962=AXIS2_PLACEMENT_3D('',#2207,#2208,#2209);
#1963=CARTESIAN_POINT('',(-1.25,2.45,-0.48));
#1964=AXIS2_PLACEMENT_3D('',#2210,#2211,#2212);
#1965=CARTESIAN_POINT('',(-1.25,2.45,-0.78));
#1966=AXIS2_PLACEMENT_3D('',#2213,#2214,#2215);
#1967=AXIS2_PLACEMENT_3D('',#2216,#2217,#2218);
#1968=AXIS2_PLACEMENT_3D('',#2219,#2220,#2221);
#1969=CARTESIAN_POINT('',(0.0,2.7,-1.3));
#1970=CARTESIAN_POINT('',(0.0,-1.05,-1.3));
#1971=VECTOR('',#2222,1000.0);
#1972=CARTESIAN_POINT('',(-0.425,2.7,-1.75));
#1973=CARTESIAN_POINT('',(-0.425,2.7,-1.75));
#1974=VECTOR('',#2223,1000.0);
#1975=CARTESIAN_POINT('',(-0.425,-1.05,-1.75));
#1976=VECTOR('',#2224,1000.0);
#1977=CARTESIAN_POINT('',(-2.07933982822,2.7,-1.75));
#1978=CARTESIAN_POINT('',(-0.425,2.7,-1.75));
#1979=VECTOR('',#2225,1000.0);
#1980=CARTESIAN_POINT('',(-2.07933982822,2.7,-1.75));
#1981=VECTOR('',#2226,1000.0);
#1982=CARTESIAN_POINT('',(2.07933982822,2.7,-1.75));
#1983=CARTESIAN_POINT('',(2.07933982822,2.7,-1.75));
#1984=VECTOR('',#2227,1000.0);
#1985=CARTESIAN_POINT('',(0.425,2.7,-1.75));
#1986=CARTESIAN_POINT('',(2.07933982822,2.7,-1.75));
#1987=VECTOR('',#2228,1000.0);
#1988=CARTESIAN_POINT('',(0.425,-1.05,-1.75));
#1989=VECTOR('',#2229,1000.0);
#1990=CARTESIAN_POINT('',(-2.07933982822,2.95,-1.75));
#1991=VECTOR('',#2230,1000.0);
#1992=CARTESIAN_POINT('',(-2.07933982822,2.7,-1.75));
#1993=VECTOR('',#2231,1000.0);
#1994=CARTESIAN_POINT('',(2.07933982822,2.7,-1.75));
#1995=VECTOR('',#2232,1000.0);
#1996=CARTESIAN_POINT('',(-0.425,2.7,-1.75));
#1997=VECTOR('',#2233,1000.0);
#1998=CARTESIAN_POINT('',(0.0,2.7,-1.3));
#1999=VECTOR('',#2234,1000.0);
#2000=CARTESIAN_POINT('',(2.07933982822,2.95,-1.75));
#2001=VECTOR('',#2235,1000.0);
#2002=CARTESIAN_POINT('',(3.0,2.95,-0.8293398282202));
#2003=VECTOR('',#2236,1000.0);
#2004=CARTESIAN_POINT('',(3.0,-1.05,1.25));
#2005=VECTOR('',#2237,1000.0);
#2006=CARTESIAN_POINT('',(3.0,2.7,1.75));
#2007=CARTESIAN_POINT('',(3.0,2.7,1.75));
#2008=VECTOR('',#2238,1000.0);
#2009=CARTESIAN_POINT('',(3.0,2.95,2.0));
#2010=VECTOR('',#2239,1000.0);
#2011=CARTESIAN_POINT('',(3.0,1.95,-0.25));
#2012=CARTESIAN_POINT('',(3.0,1.95,0.45));
#2013=CARTESIAN_POINT('',(3.0,1.95,-0.25));
#2014=VECTOR('',#2240,1000.0);
#2015=CARTESIAN_POINT('',(3.0,2.45,0.45));
#2016=CARTESIAN_POINT('',(3.0,1.95,0.45));
#2017=VECTOR('',#2241,1000.0);
#2018=CARTESIAN_POINT('',(3.0,2.45,0.45));
#2019=VECTOR('',#2242,1000.0);
#2020=CARTESIAN_POINT('',(3.0,-1.05,-0.25));
#2021=VECTOR('',#2243,1000.0);
#2022=CARTESIAN_POINT('',(-3.0,2.7,1.75));
#2023=VECTOR('',#2244,1000.0);
#2024=CARTESIAN_POINT('',(3.0,-1.05,1.25));
#2025=VECTOR('',#2245,1000.0);
#2026=CARTESIAN_POINT('',(3.0,-2.85,-0.25));
#2027=VECTOR('',#2246,1000.0);
#2028=CARTESIAN_POINT('',(3.0,-2.95,0.62));
#2029=VECTOR('',#2247,1000.0);
#2030=CARTESIAN_POINT('',(3.7,1.95,-0.25));
#2031=VECTOR('',#2248,1000.0);
#2032=CARTESIAN_POINT('',(3.7,1.95,0.45));
#2033=VECTOR('',#2249,1000.0);
#2034=CARTESIAN_POINT('',(3.7,2.45,0.45));
#2035=VECTOR('',#2250,1000.0);
#2036=AXIS2_PLACEMENT_3D('',#2251,#2252,#2253);
#2037=CARTESIAN_POINT('',(1.25,-6.45,-0.78));
#2038=CARTESIAN_POINT('',(1.25,-6.45,-0.48));
#2039=AXIS2_PLACEMENT_3D('',#2254,#2255,#2256);
#2040=AXIS2_PLACEMENT_3D('',#2257,#2258,#2259);
#2041=AXIS2_PLACEMENT_3D('',#2260,#2261,#2262);
#2042=AXIS2_PLACEMENT_3D('',#2263,#2264,#2265);
#2043=AXIS2_PLACEMENT_3D('',#2266,#2267,#2268);
#2044=CARTESIAN_POINT('',(-1.25,-6.45,-0.78));
#2045=CARTESIAN_POINT('',(-1.25,-6.45,-0.48));
#2046=AXIS2_PLACEMENT_3D('',#2269,#2270,#2271);
#2047=AXIS2_PLACEMENT_3D('',#2272,#2273,#2274);
#2048=AXIS2_PLACEMENT_3D('',#2275,#2276,#2277);
#2049=AXIS2_PLACEMENT_3D('',#2278,#2279,#2280);
#2050=CARTESIAN_POINT('',(-1.25,-2.85,-0.63));
#2051=DIRECTION('',(0.0,-1.0,0.0));
#2052=DIRECTION('',(0.0,0.0,-1.0));
#2053=DIRECTION('',(0.0,-1.0,0.0));
#2054=CARTESIAN_POINT('',(-1.25,-6.25,-0.63));
#2055=DIRECTION('',(0.0,1.0,0.0));
#2056=DIRECTION('',(0.0,0.0,-1.0));
#2057=DIRECTION('',(0.0,-1.0,0.0));
#2058=CARTESIAN_POINT('',(1.25,-2.85,-0.63));
#2059=DIRECTION('',(0.0,-1.0,0.0));
#2060=DIRECTION('',(0.0,0.0,-1.0));
#2061=DIRECTION('',(0.0,-1.0,0.0));
#2062=CARTESIAN_POINT('',(1.25,-6.25,-0.63));
#2063=DIRECTION('',(0.0,1.0,0.0));
#2064=DIRECTION('',(0.0,0.0,-1.0));
#2065=DIRECTION('',(0.0,-1.0,0.0));
#2066=CARTESIAN_POINT('',(-1.25,2.25,-0.63));
#2067=DIRECTION('',(0.0,1.0,0.0));
#2068=DIRECTION('',(0.0,0.0,-1.0));
#2069=DIRECTION('',(0.0,-1.0,0.0));
#2070=CARTESIAN_POINT('',(-1.25,-1.05,-0.63));
#2071=DIRECTION('',(0.0,-1.0,0.0));
#2072=DIRECTION('',(0.0,0.0,-1.0));
#2073=DIRECTION('',(0.0,-1.0,0.0));
#2074=CARTESIAN_POINT('',(1.25,2.25,-0.63));
#2075=DIRECTION('',(0.0,1.0,0.0));
#2076=DIRECTION('',(0.0,0.0,-1.0));
#2077=DIRECTION('',(0.0,-1.0,0.0));
#2078=CARTESIAN_POINT('',(1.25,-1.05,-0.63));
#2079=DIRECTION('',(0.0,-1.0,0.0));
#2080=DIRECTION('',(0.0,0.0,-1.0));
#2081=DIRECTION('',(0.0,-1.0,0.0));
#2082=DIRECTION('',(-0.707106781186548,0.0,0.707106781186548));
#2083=DIRECTION('',(-1.0,0.0,0.0));
#2084=DIRECTION('',(0.0,0.0,-1.0));
#2085=DIRECTION('',(1.0,0.0,0.0));
#2086=DIRECTION('',(0.0,0.0,-1.0));
#2087=DIRECTION('',(1.0,0.0,0.0));
#2088=DIRECTION('',(0.0,0.0,-1.0));
#2089=DIRECTION('',(1.0,0.0,0.0));
#2090=DIRECTION('',(0.0,1.0,0.0));
#2091=DIRECTION('',(-1.0,0.0,0.0));
#2092=DIRECTION('',(0.0,1.0,0.0));
#2093=DIRECTION('',(0.707106781186548,0.0,-0.707106781186548));
#2094=DIRECTION('',(0.0,1.0,0.0));
#2095=DIRECTION('',(-0.707106781186548,0.0,0.707106781186548));
#2096=DIRECTION('',(0.0,1.0,0.0));
#2097=DIRECTION('',(-1.0,0.0,0.0));
#2098=DIRECTION('',(0.0,1.0,0.0));
#2099=DIRECTION('',(0.0,0.0,-1.0));
#2100=DIRECTION('',(0.0,1.0,0.0));
#2101=DIRECTION('',(0.0,0.0,-1.0));
#2102=DIRECTION('',(0.0,-1.0,0.0));
#2103=DIRECTION('',(0.0,-0.707106781186548,-0.707106781186548));
#2104=DIRECTION('',(0.0,0.0,-1.0));
#2105=DIRECTION('',(0.0,0.707106781186548,-0.707106781186548));
#2106=DIRECTION('',(0.0,1.0,0.0));
#2107=DIRECTION('',(0.0,0.0,1.0));
#2108=DIRECTION('',(0.0,1.0,0.0));
#2109=DIRECTION('',(0.0,0.0,1.0));
#2110=DIRECTION('',(-1.0,0.0,0.0));
#2111=DIRECTION('',(0.0,-0.707106781186597,-0.707106781186498));
#2112=DIRECTION('',(-1.0,0.0,-1.078502366779E-14));
#2113=DIRECTION('',(0.0,0.0,1.0));
#2114=DIRECTION('',(1.0,0.0,0.0));
#2115=DIRECTION('',(0.0,2.13162820728E-14,1.0));
#2116=DIRECTION('',(1.0,0.0,0.0));
#2117=DIRECTION('',(0.0,2.30926389122E-14,1.0));
#2118=DIRECTION('',(1.0,0.0,-1.078502366779E-14));
#2119=DIRECTION('',(0.0,0.0,-1.0));
#2120=DIRECTION('',(-0.707106781186548,0.0,-0.707106781186548));
#2121=DIRECTION('',(0.0,0.0,-1.0));
#2122=DIRECTION('',(-1.0,0.0,0.0));
#2123=DIRECTION('',(0.0,0.0,1.0));
#2124=DIRECTION('',(1.0,0.0,0.0));
#2125=DIRECTION('',(0.0,0.0,1.0));
#2126=DIRECTION('',(-0.707106781186548,0.0,0.707106781186548));
#2127=DIRECTION('',(0.0,0.0,-1.0));
#2128=DIRECTION('',(1.0,0.0,0.0));
#2129=DIRECTION('',(0.0,-0.707106781186597,-0.707106781186498));
#2130=DIRECTION('',(1.0,0.0,0.0));
#2131=DIRECTION('',(0.0,-0.707106781186548,-0.707106781186548));
#2132=DIRECTION('',(0.0,-1.0,0.0));
#2133=DIRECTION('',(0.0,0.0,-1.0));
#2134=DIRECTION('',(0.0,1.0,0.0));
#2135=DIRECTION('',(0.0,1.0,0.0));
#2136=DIRECTION('',(0.0,0.0,1.0));
#2137=DIRECTION('',(0.0,1.0,0.0));
#2138=DIRECTION('',(0.0,0.707106781186548,-0.707106781186548));
#2139=DIRECTION('',(0.0,0.0,1.0));
#2140=DIRECTION('',(1.0,0.0,0.0));
#2141=DIRECTION('',(0.0,0.0,1.0));
#2142=DIRECTION('',(-1.0,0.0,0.0));
#2143=DIRECTION('',(1.0,0.0,0.0));
#2144=DIRECTION('',(0.0,0.0,1.0));
#2145=DIRECTION('',(-1.0,0.0,0.0));
#2146=DIRECTION('',(0.0,1.0,0.0));
#2147=DIRECTION('',(0.0,1.0,0.0));
#2148=DIRECTION('',(0.0,1.0,0.0));
#2149=DIRECTION('',(0.0,-1.0,0.0));
#2150=DIRECTION('',(0.0,0.0,-1.0));
#2151=DIRECTION('',(0.0,1.0,0.0));
#2152=DIRECTION('',(0.0,0.0,1.0));
#2153=DIRECTION('',(1.0,0.0,0.0));
#2154=DIRECTION('',(0.0,0.0,1.0));
#2155=DIRECTION('',(-1.0,0.0,0.0));
#2156=DIRECTION('',(-1.0,0.0,0.0));
#2157=CARTESIAN_POINT('',(1.25,-2.85,-0.63));
#2158=DIRECTION('',(0.0,-1.0,0.0));
#2159=DIRECTION('',(0.0,0.0,-1.0));
#2160=CARTESIAN_POINT('',(-1.25,-2.85,-0.63));
#2161=DIRECTION('',(0.0,-1.0,0.0));
#2162=DIRECTION('',(0.0,0.0,-1.0));
#2163=DIRECTION('',(0.0,1.0,0.0));
#2164=DIRECTION('',(1.0,0.0,0.0));
#2165=DIRECTION('',(0.0,0.0,1.0));
#2166=DIRECTION('',(1.0,0.0,0.0));
#2167=DIRECTION('',(0.0,1.0,0.0));
#2168=DIRECTION('',(1.0,0.0,0.0));
#2169=DIRECTION('',(0.0,0.707106781186548,-0.707106781186548));
#2170=DIRECTION('',(0.0,-0.707106781186598,-0.707106781186498));
#2171=DIRECTION('',(0.0,-1.0,0.0));
#2172=DIRECTION('',(0.0,0.0,1.0));
#2173=DIRECTION('',(0.0,1.0,0.0));
#2174=DIRECTION('',(0.0,0.0,1.0));
#2175=DIRECTION('',(0.0,-1.0,0.0));
#2176=DIRECTION('',(-1.0,0.0,0.0));
#2177=DIRECTION('',(-0.707106781186548,0.0,0.707106781186548));
#2178=DIRECTION('',(1.0,0.0,0.0));
#2179=DIRECTION('',(0.0,0.0,-1.0));
#2180=DIRECTION('',(0.0,0.0,-1.0));
#2181=DIRECTION('',(0.0,0.0,-1.0));
#2182=DIRECTION('',(-0.707106781186548,0.0,-0.707106781186548));
#2183=DIRECTION('',(-1.0,0.0,0.0));
#2184=DIRECTION('',(0.686623532963716,0.0,-0.727013152549817));
#2185=DIRECTION('',(0.686623532963716,0.0,0.727013152549817));
#2186=CARTESIAN_POINT('',(-1.25,-1.05,-0.63));
#2187=DIRECTION('',(0.0,-1.0,0.0));
#2188=DIRECTION('',(0.0,0.0,-1.0));
#2189=CARTESIAN_POINT('',(1.25,-1.05,-0.63));
#2190=DIRECTION('',(0.0,-1.0,0.0));
#2191=DIRECTION('',(0.0,0.0,-1.0));
#2192=CARTESIAN_POINT('',(1.25,2.25,-0.63));
#2193=DIRECTION('',(0.0,-1.0,0.0));
#2194=DIRECTION('',(0.0,0.0,-1.0));
#2195=CARTESIAN_POINT('',(1.25,2.25,-0.48));
#2196=DIRECTION('',(-1.0,0.0,0.0));
#2197=DIRECTION('',(0.0,0.0,1.0));
#2198=CARTESIAN_POINT('',(1.25,2.45,-0.63));
#2199=DIRECTION('',(0.0,1.0,0.0));
#2200=DIRECTION('',(0.0,0.0,-1.0));
#2201=CARTESIAN_POINT('',(1.25,2.25,-0.78));
#2202=DIRECTION('',(1.0,0.0,0.0));
#2203=DIRECTION('',(0.0,0.0,-1.0));
#2204=CARTESIAN_POINT('',(1.25,2.45,-0.63));
#2205=DIRECTION('',(0.0,-1.0,0.0));
#2206=DIRECTION('',(0.0,0.0,-1.0));
#2207=CARTESIAN_POINT('',(-1.25,2.25,-0.63));
#2208=DIRECTION('',(0.0,-1.0,0.0));
#2209=DIRECTION('',(0.0,0.0,-1.0));
#2210=CARTESIAN_POINT('',(-1.25,2.25,-0.48));
#2211=DIRECTION('',(-1.0,0.0,0.0));
#2212=DIRECTION('',(0.0,0.0,1.0));
#2213=CARTESIAN_POINT('',(-1.25,2.45,-0.63));
#2214=DIRECTION('',(0.0,1.0,0.0));
#2215=DIRECTION('',(0.0,0.0,-1.0));
#2216=CARTESIAN_POINT('',(-1.25,2.25,-0.78));
#2217=DIRECTION('',(1.0,0.0,0.0));
#2218=DIRECTION('',(0.0,0.0,-1.0));
#2219=CARTESIAN_POINT('',(-1.25,2.45,-0.63));
#2220=DIRECTION('',(0.0,-1.0,0.0));
#2221=DIRECTION('',(0.0,0.0,-1.0));
#2222=DIRECTION('',(0.0,1.0,0.0));
#2223=DIRECTION('',(0.686623532963716,0.0,0.727013152549817));
#2224=DIRECTION('',(0.0,1.0,0.0));
#2225=DIRECTION('',(-1.0,0.0,0.0));
#2226=DIRECTION('',(0.0,-1.0,0.0));
#2227=DIRECTION('',(0.0,-1.0,0.0));
#2228=DIRECTION('',(-1.0,0.0,0.0));
#2229=DIRECTION('',(0.0,1.0,0.0));
#2230=DIRECTION('',(0.0,-1.0,0.0));
#2231=DIRECTION('',(0.0,0.707106781186548,-0.707106781186548));
#2232=DIRECTION('',(0.0,0.707106781186548,-0.707106781186548));
#2233=DIRECTION('',(1.0,0.0,0.0));
#2234=DIRECTION('',(0.686623532963716,0.0,-0.727013152549817));
#2235=DIRECTION('',(0.0,-1.0,0.0));
#2236=DIRECTION('',(0.0,-1.0,0.0));
#2237=DIRECTION('',(0.0,1.0,0.0));
#2238=DIRECTION('',(0.0,-1.0,0.0));
#2239=DIRECTION('',(0.0,-0.707106781186598,-0.707106781186498));
#2240=DIRECTION('',(0.0,0.0,1.0));
#2241=DIRECTION('',(0.0,1.0,0.0));
#2242=DIRECTION('',(0.0,0.707106781186548,-0.707106781186548));
#2243=DIRECTION('',(0.0,1.0,0.0));
#2244=DIRECTION('',(1.0,0.0,0.0));
#2245=DIRECTION('',(0.0,-1.0,0.0));
#2246=DIRECTION('',(0.0,1.0,0.0));
#2247=DIRECTION('',(0.0,1.0,0.0));
#2248=DIRECTION('',(-1.0,0.0,0.0));
#2249=DIRECTION('',(-1.0,0.0,0.0));
#2250=DIRECTION('',(-1.0,0.0,0.0));
#2251=CARTESIAN_POINT('',(1.25,-6.25,-0.63));
#2252=DIRECTION('',(0.0,-1.0,0.0));
#2253=DIRECTION('',(0.0,0.0,-1.0));
#2254=CARTESIAN_POINT('',(1.25,-6.45,-0.63));
#2255=DIRECTION('',(0.0,1.0,0.0));
#2256=DIRECTION('',(0.0,0.0,-1.0));
#2257=CARTESIAN_POINT('',(1.25,-6.25,-0.48));
#2258=DIRECTION('',(-1.0,0.0,0.0));
#2259=DIRECTION('',(0.0,-1.0,0.0));
#2260=CARTESIAN_POINT('',(1.25,-6.25,-0.78));
#2261=DIRECTION('',(1.0,0.0,0.0));
#2262=DIRECTION('',(0.0,-1.0,0.0));
#2263=CARTESIAN_POINT('',(1.25,-6.45,-0.63));
#2264=DIRECTION('',(0.0,-1.0,0.0));
#2265=DIRECTION('',(0.0,0.0,-1.0));
#2266=CARTESIAN_POINT('',(-1.25,-6.25,-0.63));
#2267=DIRECTION('',(0.0,-1.0,0.0));
#2268=DIRECTION('',(0.0,0.0,-1.0));
#2269=CARTESIAN_POINT('',(-1.25,-6.45,-0.63));
#2270=DIRECTION('',(0.0,1.0,0.0));
#2271=DIRECTION('',(0.0,0.0,-1.0));
#2272=CARTESIAN_POINT('',(-1.25,-6.25,-0.48));
#2273=DIRECTION('',(-1.0,0.0,0.0));
#2274=DIRECTION('',(0.0,-1.0,0.0));
#2275=CARTESIAN_POINT('',(-1.25,-6.25,-0.78));
#2276=DIRECTION('',(1.0,0.0,0.0));
#2277=DIRECTION('',(0.0,-1.0,0.0));
#2278=CARTESIAN_POINT('',(-1.25,-6.45,-0.63));
#2279=DIRECTION('',(0.0,-1.0,0.0));
#2280=DIRECTION('',(0.0,0.0,-1.0));
ENDSEC;
END-ISO-10303-21;
